sample_name,bam_path,bai_path
24PC0308_001,/mnt/data20tb/NIPT_IONTOR_PHUONGCHAU/NIPTorrent/ref3_results/mapped/24PC0308_001.bam,
24PC0317_010,/mnt/data20tb/NIPT_IONTOR_PHUONGCHAU/NIPTorrent/ref3_results/mapped/24PC0317_010.bam,/mnt/data20tb/NIPT_IONTOR_PHUONGCHAU/NIPTorrent/ref3_results/mapped/24PC0317_010.bam.bai
24PC0318_011,/mnt/data20tb/NIPT_IONTOR_PHUONGCHAU/NIPTorrent/ref3_results/mapped/24PC0318_011.bam,/mnt/data20tb/NIPT_IONTOR_PHUONGCHAU/NIPTorrent/ref3_results/mapped/24PC0318_011.bam.bai
24PC0324_017,/mnt/data20tb/NIPT_IONTOR_PHUONGCHAU/NIPTorrent/ref3_results/mapped/24PC0324_017.bam,/mnt/data20tb/NIPT_IONTOR_PHUONGCHAU/NIPTorrent/ref3_results/mapped/24PC0324_017.bam.bai
24PC0338_013,/mnt/data20tb/NIPT_IONTOR_PHUONGCHAU/NIPTorrent/ref3_results/mapped/24PC0338_013.bam,/mnt/data20tb/NIPT_IONTOR_PHUONGCHAU/NIPTorrent/ref3_results/mapped/24PC0338_013.bam.bai
24PC0366_025,/mnt/data20tb/NIPT_IONTOR_PHUONGCHAU/NIPTorrent/ref3_results/mapped/24PC0366_025.bam,/mnt/data20tb/NIPT_IONTOR_PHUONGCHAU/NIPTorrent/ref3_results/mapped/24PC0366_025.bam.bai
24PC0374_034,/mnt/data20tb/NIPT_IONTOR_PHUONGCHAU/NIPTorrent/ref3_results/mapped/24PC0374_034.bam,/mnt/data20tb/NIPT_IONTOR_PHUONGCHAU/NIPTorrent/ref3_results/mapped/24PC0374_034.bam.bai
24PC0376_036,/mnt/data20tb/NIPT_IONTOR_PHUONGCHAU/NIPTorrent/ref3_results/mapped/24PC0376_036.bam,/mnt/data20tb/NIPT_IONTOR_PHUONGCHAU/NIPTorrent/ref3_results/mapped/24PC0376_036.bam.bai
24PC0381_043,/mnt/data20tb/NIPT_IONTOR_PHUONGCHAU/NIPTorrent/ref3_results/mapped/24PC0381_043.bam,/mnt/data20tb/NIPT_IONTOR_PHUONGCHAU/NIPTorrent/ref3_results/mapped/24PC0381_043.bam.bai
24PC0382_044,/mnt/data20tb/NIPT_IONTOR_PHUONGCHAU/NIPTorrent/ref3_results/mapped/24PC0382_044.bam,/mnt/data20tb/NIPT_IONTOR_PHUONGCHAU/NIPTorrent/ref3_results/mapped/24PC0382_044.bam.bai
24PC0383_045,/mnt/data20tb/NIPT_IONTOR_PHUONGCHAU/NIPTorrent/ref3_results/mapped/24PC0383_045.bam,/mnt/data20tb/NIPT_IONTOR_PHUONGCHAU/NIPTorrent/ref3_results/mapped/24PC0383_045.bam.bai
24PC0384_046,/mnt/data20tb/NIPT_IONTOR_PHUONGCHAU/NIPTorrent/ref3_results/mapped/24PC0384_046.bam,/mnt/data20tb/NIPT_IONTOR_PHUONGCHAU/NIPTorrent/ref3_results/mapped/24PC0384_046.bam.bai
24PC0387_001,/mnt/data20tb/NIPT_IONTOR_PHUONGCHAU/NIPTorrent/ref3_results/mapped/24PC0387_001.bam,/mnt/data20tb/NIPT_IONTOR_PHUONGCHAU/NIPTorrent/ref3_results/mapped/24PC0387_001.bam.bai
24PC0388_002,/mnt/data20tb/NIPT_IONTOR_PHUONGCHAU/NIPTorrent/ref3_results/mapped/24PC0388_002.bam,/mnt/data20tb/NIPT_IONTOR_PHUONGCHAU/NIPTorrent/ref3_results/mapped/24PC0388_002.bam.bai
24PC0391_005,/mnt/data20tb/NIPT_IONTOR_PHUONGCHAU/NIPTorrent/ref3_results/mapped/24PC0391_005.bam,/mnt/data20tb/NIPT_IONTOR_PHUONGCHAU/NIPTorrent/ref3_results/mapped/24PC0391_005.bam.bai
24PC0394_008,/mnt/data20tb/NIPT_IONTOR_PHUONGCHAU/NIPTorrent/ref3_results/mapped/24PC0394_008.bam,/mnt/data20tb/NIPT_IONTOR_PHUONGCHAU/NIPTorrent/ref3_results/mapped/24PC0394_008.bam.bai
24PC0398_012,/mnt/data20tb/NIPT_IONTOR_PHUONGCHAU/NIPTorrent/ref3_results/mapped/24PC0398_012.bam,/mnt/data20tb/NIPT_IONTOR_PHUONGCHAU/NIPTorrent/ref3_results/mapped/24PC0398_012.bam.bai
24PC0401_015,/mnt/data20tb/NIPT_IONTOR_PHUONGCHAU/NIPTorrent/ref3_results/mapped/24PC0401_015.bam,/mnt/data20tb/NIPT_IONTOR_PHUONGCHAU/NIPTorrent/ref3_results/mapped/24PC0401_015.bam.bai
24PC0406_021,/mnt/data20tb/NIPT_IONTOR_PHUONGCHAU/NIPTorrent/ref3_results/mapped/24PC0406_021.bam,/mnt/data20tb/NIPT_IONTOR_PHUONGCHAU/NIPTorrent/ref3_results/mapped/24PC0406_021.bam.bai
24PC0407_022,/mnt/data20tb/NIPT_IONTOR_PHUONGCHAU/NIPTorrent/ref3_results/mapped/24PC0407_022.bam,/mnt/data20tb/NIPT_IONTOR_PHUONGCHAU/NIPTorrent/ref3_results/mapped/24PC0407_022.bam.bai
24PC0408_026,/mnt/data20tb/NIPT_IONTOR_PHUONGCHAU/NIPTorrent/ref3_results/mapped/24PC0408_026.bam,/mnt/data20tb/NIPT_IONTOR_PHUONGCHAU/NIPTorrent/ref3_results/mapped/24PC0408_026.bam.bai
24PC0410_028,/mnt/data20tb/NIPT_IONTOR_PHUONGCHAU/NIPTorrent/ref3_results/mapped/24PC0410_028.bam,/mnt/data20tb/NIPT_IONTOR_PHUONGCHAU/NIPTorrent/ref3_results/mapped/24PC0410_028.bam.bai
24PC0411_029,/mnt/data20tb/NIPT_IONTOR_PHUONGCHAU/NIPTorrent/ref3_results/mapped/24PC0411_029.bam,/mnt/data20tb/NIPT_IONTOR_PHUONGCHAU/NIPTorrent/ref3_results/mapped/24PC0411_029.bam.bai
24PC0412_030,/mnt/data20tb/NIPT_IONTOR_PHUONGCHAU/NIPTorrent/ref3_results/mapped/24PC0412_030.bam,/mnt/data20tb/NIPT_IONTOR_PHUONGCHAU/NIPTorrent/ref3_results/mapped/24PC0412_030.bam.bai
24PC0413_031,/mnt/data20tb/NIPT_IONTOR_PHUONGCHAU/NIPTorrent/ref3_results/mapped/24PC0413_031.bam,/mnt/data20tb/NIPT_IONTOR_PHUONGCHAU/NIPTorrent/ref3_results/mapped/24PC0413_031.bam.bai
24PC0417_035,/mnt/data20tb/NIPT_IONTOR_PHUONGCHAU/NIPTorrent/ref3_results/mapped/24PC0417_035.bam,/mnt/data20tb/NIPT_IONTOR_PHUONGCHAU/NIPTorrent/ref3_results/mapped/24PC0417_035.bam.bai
24PC0418_036,/mnt/data20tb/NIPT_IONTOR_PHUONGCHAU/NIPTorrent/ref3_results/mapped/24PC0418_036.bam,/mnt/data20tb/NIPT_IONTOR_PHUONGCHAU/NIPTorrent/ref3_results/mapped/24PC0418_036.bam.bai
24PC0419_037,/mnt/data20tb/NIPT_IONTOR_PHUONGCHAU/NIPTorrent/ref3_results/mapped/24PC0419_037.bam,/mnt/data20tb/NIPT_IONTOR_PHUONGCHAU/NIPTorrent/ref3_results/mapped/24PC0419_037.bam.bai
24PC0422_040,/mnt/data20tb/NIPT_IONTOR_PHUONGCHAU/NIPTorrent/ref3_results/mapped/24PC0422_040.bam,/mnt/data20tb/NIPT_IONTOR_PHUONGCHAU/NIPTorrent/ref3_results/mapped/24PC0422_040.bam.bai
24PC0427_045,/mnt/data20tb/NIPT_IONTOR_PHUONGCHAU/NIPTorrent/ref3_results/mapped/24PC0427_045.bam,/mnt/data20tb/NIPT_IONTOR_PHUONGCHAU/NIPTorrent/ref3_results/mapped/24PC0427_045.bam.bai
24PC0430_043,/mnt/data20tb/NIPT_IONTOR_PHUONGCHAU/NIPTorrent/ref3_results/mapped/24PC0430_043.bam,/mnt/data20tb/NIPT_IONTOR_PHUONGCHAU/NIPTorrent/ref3_results/mapped/24PC0430_043.bam.bai
24PC0432_002,/mnt/data20tb/NIPT_IONTOR_PHUONGCHAU/NIPTorrent/ref3_results/mapped/24PC0432_002.bam,/mnt/data20tb/NIPT_IONTOR_PHUONGCHAU/NIPTorrent/ref3_results/mapped/24PC0432_002.bam.bai
24PC0434_004,/mnt/data20tb/NIPT_IONTOR_PHUONGCHAU/NIPTorrent/ref3_results/mapped/24PC0434_004.bam,/mnt/data20tb/NIPT_IONTOR_PHUONGCHAU/NIPTorrent/ref3_results/mapped/24PC0434_004.bam.bai
24PC0436_006,/mnt/data20tb/NIPT_IONTOR_PHUONGCHAU/NIPTorrent/ref3_results/mapped/24PC0436_006.bam,/mnt/data20tb/NIPT_IONTOR_PHUONGCHAU/NIPTorrent/ref3_results/mapped/24PC0436_006.bam.bai
24PC0438_010,/mnt/data20tb/NIPT_IONTOR_PHUONGCHAU/NIPTorrent/ref3_results/mapped/24PC0438_010.bam,/mnt/data20tb/NIPT_IONTOR_PHUONGCHAU/NIPTorrent/ref3_results/mapped/24PC0438_010.bam.bai
24PC0439_011,/mnt/data20tb/NIPT_IONTOR_PHUONGCHAU/NIPTorrent/ref3_results/mapped/24PC0439_011.bam,/mnt/data20tb/NIPT_IONTOR_PHUONGCHAU/NIPTorrent/ref3_results/mapped/24PC0439_011.bam.bai
24PC0440_012,/mnt/data20tb/NIPT_IONTOR_PHUONGCHAU/NIPTorrent/ref3_results/mapped/24PC0440_012.bam,/mnt/data20tb/NIPT_IONTOR_PHUONGCHAU/NIPTorrent/ref3_results/mapped/24PC0440_012.bam.bai
24PC0441_013,/mnt/data20tb/NIPT_IONTOR_PHUONGCHAU/NIPTorrent/ref3_results/mapped/24PC0441_013.bam,/mnt/data20tb/NIPT_IONTOR_PHUONGCHAU/NIPTorrent/ref3_results/mapped/24PC0441_013.bam.bai
24PC0443_015,/mnt/data20tb/NIPT_IONTOR_PHUONGCHAU/NIPTorrent/ref3_results/mapped/24PC0443_015.bam,/mnt/data20tb/NIPT_IONTOR_PHUONGCHAU/NIPTorrent/ref3_results/mapped/24PC0443_015.bam.bai
24PC0444_016,/mnt/data20tb/NIPT_IONTOR_PHUONGCHAU/NIPTorrent/ref3_results/mapped/24PC0444_016.bam,/mnt/data20tb/NIPT_IONTOR_PHUONGCHAU/NIPTorrent/ref3_results/mapped/24PC0444_016.bam.bai
24PC0445_017,/mnt/data20tb/NIPT_IONTOR_PHUONGCHAU/NIPTorrent/ref3_results/mapped/24PC0445_017.bam,/mnt/data20tb/NIPT_IONTOR_PHUONGCHAU/NIPTorrent/ref3_results/mapped/24PC0445_017.bam.bai
24PC0446_019,/mnt/data20tb/NIPT_IONTOR_PHUONGCHAU/NIPTorrent/ref3_results/mapped/24PC0446_019.bam,/mnt/data20tb/NIPT_IONTOR_PHUONGCHAU/NIPTorrent/ref3_results/mapped/24PC0446_019.bam.bai
24PC0448_021,/mnt/data20tb/NIPT_IONTOR_PHUONGCHAU/NIPTorrent/ref3_results/mapped/24PC0448_021.bam,/mnt/data20tb/NIPT_IONTOR_PHUONGCHAU/NIPTorrent/ref3_results/mapped/24PC0448_021.bam.bai
24PC0449_022,/mnt/data20tb/NIPT_IONTOR_PHUONGCHAU/NIPTorrent/ref3_results/mapped/24PC0449_022.bam,/mnt/data20tb/NIPT_IONTOR_PHUONGCHAU/NIPTorrent/ref3_results/mapped/24PC0449_022.bam.bai
24PC0452_025,/mnt/data20tb/NIPT_IONTOR_PHUONGCHAU/NIPTorrent/ref3_results/mapped/24PC0452_025.bam,/mnt/data20tb/NIPT_IONTOR_PHUONGCHAU/NIPTorrent/ref3_results/mapped/24PC0452_025.bam.bai
24PC0455_028,/mnt/data20tb/NIPT_IONTOR_PHUONGCHAU/NIPTorrent/ref3_results/mapped/24PC0455_028.bam,/mnt/data20tb/NIPT_IONTOR_PHUONGCHAU/NIPTorrent/ref3_results/mapped/24PC0455_028.bam.bai
24PC0456_029,/mnt/data20tb/NIPT_IONTOR_PHUONGCHAU/NIPTorrent/ref3_results/mapped/24PC0456_029.bam,/mnt/data20tb/NIPT_IONTOR_PHUONGCHAU/NIPTorrent/ref3_results/mapped/24PC0456_029.bam.bai
24PC0457_030,/mnt/data20tb/NIPT_IONTOR_PHUONGCHAU/NIPTorrent/ref3_results/mapped/24PC0457_030.bam,/mnt/data20tb/NIPT_IONTOR_PHUONGCHAU/NIPTorrent/ref3_results/mapped/24PC0457_030.bam.bai
24PC0459_032,/mnt/data20tb/NIPT_IONTOR_PHUONGCHAU/NIPTorrent/ref3_results/mapped/24PC0459_032.bam,/mnt/data20tb/NIPT_IONTOR_PHUONGCHAU/NIPTorrent/ref3_results/mapped/24PC0459_032.bam.bai
24PC0460_033,/mnt/data20tb/NIPT_IONTOR_PHUONGCHAU/NIPTorrent/ref3_results/mapped/24PC0460_033.bam,/mnt/data20tb/NIPT_IONTOR_PHUONGCHAU/NIPTorrent/ref3_results/mapped/24PC0460_033.bam.bai
24PC0464_037,/mnt/data20tb/NIPT_IONTOR_PHUONGCHAU/NIPTorrent/ref3_results/mapped/24PC0464_037.bam,/mnt/data20tb/NIPT_IONTOR_PHUONGCHAU/NIPTorrent/ref3_results/mapped/24PC0464_037.bam.bai
24PC0465_038,/mnt/data20tb/NIPT_IONTOR_PHUONGCHAU/NIPTorrent/ref3_results/mapped/24PC0465_038.bam,/mnt/data20tb/NIPT_IONTOR_PHUONGCHAU/NIPTorrent/ref3_results/mapped/24PC0465_038.bam.bai
24PC0466_039,/mnt/data20tb/NIPT_IONTOR_PHUONGCHAU/NIPTorrent/ref3_results/mapped/24PC0466_039.bam,/mnt/data20tb/NIPT_IONTOR_PHUONGCHAU/NIPTorrent/ref3_results/mapped/24PC0466_039.bam.bai
24PC0467_046,/mnt/data20tb/NIPT_IONTOR_PHUONGCHAU/NIPTorrent/ref3_results/mapped/24PC0467_046.bam,/mnt/data20tb/NIPT_IONTOR_PHUONGCHAU/NIPTorrent/ref3_results/mapped/24PC0467_046.bam.bai
24PC0470_001,/mnt/data20tb/NIPT_IONTOR_PHUONGCHAU/NIPTorrent/ref3_results/mapped/24PC0470_001.bam,/mnt/data20tb/NIPT_IONTOR_PHUONGCHAU/NIPTorrent/ref3_results/mapped/24PC0470_001.bam.bai
24PC0488_020,/mnt/data20tb/NIPT_IONTOR_PHUONGCHAU/NIPTorrent/ref3_results/mapped/24PC0488_020.bam,/mnt/data20tb/NIPT_IONTOR_PHUONGCHAU/NIPTorrent/ref3_results/mapped/24PC0488_020.bam.bai
24PC0490_021,/mnt/data20tb/NIPT_IONTOR_PHUONGCHAU/NIPTorrent/ref3_results/mapped/24PC0490_021.bam,/mnt/data20tb/NIPT_IONTOR_PHUONGCHAU/NIPTorrent/ref3_results/mapped/24PC0490_021.bam.bai
24PC0493_024,/mnt/data20tb/NIPT_IONTOR_PHUONGCHAU/NIPTorrent/ref3_results/mapped/24PC0493_024.bam,/mnt/data20tb/NIPT_IONTOR_PHUONGCHAU/NIPTorrent/ref3_results/mapped/24PC0493_024.bam.bai
24PC0495_026,/mnt/data20tb/NIPT_IONTOR_PHUONGCHAU/NIPTorrent/ref3_results/mapped/24PC0495_026.bam,/mnt/data20tb/NIPT_IONTOR_PHUONGCHAU/NIPTorrent/ref3_results/mapped/24PC0495_026.bam.bai
24PC0496_027,/mnt/data20tb/NIPT_IONTOR_PHUONGCHAU/NIPTorrent/ref3_results/mapped/24PC0496_027.bam,/mnt/data20tb/NIPT_IONTOR_PHUONGCHAU/NIPTorrent/ref3_results/mapped/24PC0496_027.bam.bai
24PC0498_029,/mnt/data20tb/NIPT_IONTOR_PHUONGCHAU/NIPTorrent/ref3_results/mapped/24PC0498_029.bam,/mnt/data20tb/NIPT_IONTOR_PHUONGCHAU/NIPTorrent/ref3_results/mapped/24PC0498_029.bam.bai
24PC0499_030,/mnt/data20tb/NIPT_IONTOR_PHUONGCHAU/NIPTorrent/ref3_results/mapped/24PC0499_030.bam,/mnt/data20tb/NIPT_IONTOR_PHUONGCHAU/NIPTorrent/ref3_results/mapped/24PC0499_030.bam.bai
24PC0503_035,/mnt/data20tb/NIPT_IONTOR_PHUONGCHAU/NIPTorrent/ref3_results/mapped/24PC0503_035.bam,/mnt/data20tb/NIPT_IONTOR_PHUONGCHAU/NIPTorrent/ref3_results/mapped/24PC0503_035.bam.bai
24PC0504_036,/mnt/data20tb/NIPT_IONTOR_PHUONGCHAU/NIPTorrent/ref3_results/mapped/24PC0504_036.bam,/mnt/data20tb/NIPT_IONTOR_PHUONGCHAU/NIPTorrent/ref3_results/mapped/24PC0504_036.bam.bai
24PC0513_045,/mnt/data20tb/NIPT_IONTOR_PHUONGCHAU/NIPTorrent/ref3_results/mapped/24PC0513_045.bam,/mnt/data20tb/NIPT_IONTOR_PHUONGCHAU/NIPTorrent/ref3_results/mapped/24PC0513_045.bam.bai
24PC0514_046,/mnt/data20tb/NIPT_IONTOR_PHUONGCHAU/NIPTorrent/ref3_results/mapped/24PC0514_046.bam,/mnt/data20tb/NIPT_IONTOR_PHUONGCHAU/NIPTorrent/ref3_results/mapped/24PC0514_046.bam.bai
24PC0517_001,/mnt/data20tb/NIPT_IONTOR_PHUONGCHAU/NIPTorrent/ref3_results/mapped/24PC0517_001.bam,/mnt/data20tb/NIPT_IONTOR_PHUONGCHAU/NIPTorrent/ref3_results/mapped/24PC0517_001.bam.bai
24PC0519_003,/mnt/data20tb/NIPT_IONTOR_PHUONGCHAU/NIPTorrent/ref3_results/mapped/24PC0519_003.bam,/mnt/data20tb/NIPT_IONTOR_PHUONGCHAU/NIPTorrent/ref3_results/mapped/24PC0519_003.bam.bai
24PC0520_004,/mnt/data20tb/NIPT_IONTOR_PHUONGCHAU/NIPTorrent/ref3_results/mapped/24PC0520_004.bam,/mnt/data20tb/NIPT_IONTOR_PHUONGCHAU/NIPTorrent/ref3_results/mapped/24PC0520_004.bam.bai
24PC0521_005,/mnt/data20tb/NIPT_IONTOR_PHUONGCHAU/NIPTorrent/ref3_results/mapped/24PC0521_005.bam,/mnt/data20tb/NIPT_IONTOR_PHUONGCHAU/NIPTorrent/ref3_results/mapped/24PC0521_005.bam.bai
24PC0522_006,/mnt/data20tb/NIPT_IONTOR_PHUONGCHAU/NIPTorrent/ref3_results/mapped/24PC0522_006.bam,/mnt/data20tb/NIPT_IONTOR_PHUONGCHAU/NIPTorrent/ref3_results/mapped/24PC0522_006.bam.bai
24PC0524_008,/mnt/data20tb/NIPT_IONTOR_PHUONGCHAU/NIPTorrent/ref3_results/mapped/24PC0524_008.bam,/mnt/data20tb/NIPT_IONTOR_PHUONGCHAU/NIPTorrent/ref3_results/mapped/24PC0524_008.bam.bai
24PC0525_009,/mnt/data20tb/NIPT_IONTOR_PHUONGCHAU/NIPTorrent/ref3_results/mapped/24PC0525_009.bam,/mnt/data20tb/NIPT_IONTOR_PHUONGCHAU/NIPTorrent/ref3_results/mapped/24PC0525_009.bam.bai
24PC0526_010,/mnt/data20tb/NIPT_IONTOR_PHUONGCHAU/NIPTorrent/ref3_results/mapped/24PC0526_010.bam,/mnt/data20tb/NIPT_IONTOR_PHUONGCHAU/NIPTorrent/ref3_results/mapped/24PC0526_010.bam.bai
24PC0527_011,/mnt/data20tb/NIPT_IONTOR_PHUONGCHAU/NIPTorrent/ref3_results/mapped/24PC0527_011.bam,/mnt/data20tb/NIPT_IONTOR_PHUONGCHAU/NIPTorrent/ref3_results/mapped/24PC0527_011.bam.bai
24PC0528_012,/mnt/data20tb/NIPT_IONTOR_PHUONGCHAU/NIPTorrent/ref3_results/mapped/24PC0528_012.bam,/mnt/data20tb/NIPT_IONTOR_PHUONGCHAU/NIPTorrent/ref3_results/mapped/24PC0528_012.bam.bai
24PC0529_013,/mnt/data20tb/NIPT_IONTOR_PHUONGCHAU/NIPTorrent/ref3_results/mapped/24PC0529_013.bam,/mnt/data20tb/NIPT_IONTOR_PHUONGCHAU/NIPTorrent/ref3_results/mapped/24PC0529_013.bam.bai
24PC0530_014,/mnt/data20tb/NIPT_IONTOR_PHUONGCHAU/NIPTorrent/ref3_results/mapped/24PC0530_014.bam,/mnt/data20tb/NIPT_IONTOR_PHUONGCHAU/NIPTorrent/ref3_results/mapped/24PC0530_014.bam.bai
24PC0531_015,/mnt/data20tb/NIPT_IONTOR_PHUONGCHAU/NIPTorrent/ref3_results/mapped/24PC0531_015.bam,/mnt/data20tb/NIPT_IONTOR_PHUONGCHAU/NIPTorrent/ref3_results/mapped/24PC0531_015.bam.bai
24PC0532_016,/mnt/data20tb/NIPT_IONTOR_PHUONGCHAU/NIPTorrent/ref3_results/mapped/24PC0532_016.bam,/mnt/data20tb/NIPT_IONTOR_PHUONGCHAU/NIPTorrent/ref3_results/mapped/24PC0532_016.bam.bai
24PC0534_019,/mnt/data20tb/NIPT_IONTOR_PHUONGCHAU/NIPTorrent/ref3_results/mapped/24PC0534_019.bam,/mnt/data20tb/NIPT_IONTOR_PHUONGCHAU/NIPTorrent/ref3_results/mapped/24PC0534_019.bam.bai
24PC0536_024,/mnt/data20tb/NIPT_IONTOR_PHUONGCHAU/NIPTorrent/ref3_results/mapped/24PC0536_024.bam,/mnt/data20tb/NIPT_IONTOR_PHUONGCHAU/NIPTorrent/ref3_results/mapped/24PC0536_024.bam.bai
24PC0537_025,/mnt/data20tb/NIPT_IONTOR_PHUONGCHAU/NIPTorrent/ref3_results/mapped/24PC0537_025.bam,/mnt/data20tb/NIPT_IONTOR_PHUONGCHAU/NIPTorrent/ref3_results/mapped/24PC0537_025.bam.bai
24PC0538_026,/mnt/data20tb/NIPT_IONTOR_PHUONGCHAU/NIPTorrent/ref3_results/mapped/24PC0538_026.bam,/mnt/data20tb/NIPT_IONTOR_PHUONGCHAU/NIPTorrent/ref3_results/mapped/24PC0538_026.bam.bai
24PC0540_028,/mnt/data20tb/NIPT_IONTOR_PHUONGCHAU/NIPTorrent/ref3_results/mapped/24PC0540_028.bam,/mnt/data20tb/NIPT_IONTOR_PHUONGCHAU/NIPTorrent/ref3_results/mapped/24PC0540_028.bam.bai
24PC0541_029,/mnt/data20tb/NIPT_IONTOR_PHUONGCHAU/NIPTorrent/ref3_results/mapped/24PC0541_029.bam,/mnt/data20tb/NIPT_IONTOR_PHUONGCHAU/NIPTorrent/ref3_results/mapped/24PC0541_029.bam.bai
24PC0542_030,/mnt/data20tb/NIPT_IONTOR_PHUONGCHAU/NIPTorrent/ref3_results/mapped/24PC0542_030.bam,/mnt/data20tb/NIPT_IONTOR_PHUONGCHAU/NIPTorrent/ref3_results/mapped/24PC0542_030.bam.bai
24PC0543_031,/mnt/data20tb/NIPT_IONTOR_PHUONGCHAU/NIPTorrent/ref3_results/mapped/24PC0543_031.bam,/mnt/data20tb/NIPT_IONTOR_PHUONGCHAU/NIPTorrent/ref3_results/mapped/24PC0543_031.bam.bai
24PC0546_034,/mnt/data20tb/NIPT_IONTOR_PHUONGCHAU/NIPTorrent/ref3_results/mapped/24PC0546_034.bam,/mnt/data20tb/NIPT_IONTOR_PHUONGCHAU/NIPTorrent/ref3_results/mapped/24PC0546_034.bam.bai
24PC0547_035,/mnt/data20tb/NIPT_IONTOR_PHUONGCHAU/NIPTorrent/ref3_results/mapped/24PC0547_035.bam,/mnt/data20tb/NIPT_IONTOR_PHUONGCHAU/NIPTorrent/ref3_results/mapped/24PC0547_035.bam.bai
24PC0548_036,/mnt/data20tb/NIPT_IONTOR_PHUONGCHAU/NIPTorrent/ref3_results/mapped/24PC0548_036.bam,/mnt/data20tb/NIPT_IONTOR_PHUONGCHAU/NIPTorrent/ref3_results/mapped/24PC0548_036.bam.bai
24PC0549_037,/mnt/data20tb/NIPT_IONTOR_PHUONGCHAU/NIPTorrent/ref3_results/mapped/24PC0549_037.bam,/mnt/data20tb/NIPT_IONTOR_PHUONGCHAU/NIPTorrent/ref3_results/mapped/24PC0549_037.bam.bai
24PC0552_040,/mnt/data20tb/NIPT_IONTOR_PHUONGCHAU/NIPTorrent/ref3_results/mapped/24PC0552_040.bam,/mnt/data20tb/NIPT_IONTOR_PHUONGCHAU/NIPTorrent/ref3_results/mapped/24PC0552_040.bam.bai
24PC0553_041,/mnt/data20tb/NIPT_IONTOR_PHUONGCHAU/NIPTorrent/ref3_results/mapped/24PC0553_041.bam,/mnt/data20tb/NIPT_IONTOR_PHUONGCHAU/NIPTorrent/ref3_results/mapped/24PC0553_041.bam.bai
24PC0554_042,/mnt/data20tb/NIPT_IONTOR_PHUONGCHAU/NIPTorrent/ref3_results/mapped/24PC0554_042.bam,/mnt/data20tb/NIPT_IONTOR_PHUONGCHAU/NIPTorrent/ref3_results/mapped/24PC0554_042.bam.bai
24PC0556_044,/mnt/data20tb/NIPT_IONTOR_PHUONGCHAU/NIPTorrent/ref3_results/mapped/24PC0556_044.bam,/mnt/data20tb/NIPT_IONTOR_PHUONGCHAU/NIPTorrent/ref3_results/mapped/24PC0556_044.bam.bai
24PC0557_045,/mnt/data20tb/NIPT_IONTOR_PHUONGCHAU/NIPTorrent/ref3_results/mapped/24PC0557_045.bam,/mnt/data20tb/NIPT_IONTOR_PHUONGCHAU/NIPTorrent/ref3_results/mapped/24PC0557_045.bam.bai
24PC0558_046,/mnt/data20tb/NIPT_IONTOR_PHUONGCHAU/NIPTorrent/ref3_results/mapped/24PC0558_046.bam,/mnt/data20tb/NIPT_IONTOR_PHUONGCHAU/NIPTorrent/ref3_results/mapped/24PC0558_046.bam.bai
24PC0565_006,/mnt/data20tb/NIPT_IONTOR_PHUONGCHAU/NIPTorrent/ref3_results/mapped/24PC0565_006.bam,/mnt/data20tb/NIPT_IONTOR_PHUONGCHAU/NIPTorrent/ref3_results/mapped/24PC0565_006.bam.bai
24PC0566_007,/mnt/data20tb/NIPT_IONTOR_PHUONGCHAU/NIPTorrent/ref3_results/mapped/24PC0566_007.bam,/mnt/data20tb/NIPT_IONTOR_PHUONGCHAU/NIPTorrent/ref3_results/mapped/24PC0566_007.bam.bai
24PC0569_010,/mnt/data20tb/NIPT_IONTOR_PHUONGCHAU/NIPTorrent/ref3_results/mapped/24PC0569_010.bam,/mnt/data20tb/NIPT_IONTOR_PHUONGCHAU/NIPTorrent/ref3_results/mapped/24PC0569_010.bam.bai
24PC0570_011,/mnt/data20tb/NIPT_IONTOR_PHUONGCHAU/NIPTorrent/ref3_results/mapped/24PC0570_011.bam,/mnt/data20tb/NIPT_IONTOR_PHUONGCHAU/NIPTorrent/ref3_results/mapped/24PC0570_011.bam.bai
24PC0575_016,/mnt/data20tb/NIPT_IONTOR_PHUONGCHAU/NIPTorrent/ref3_results/mapped/24PC0575_016.bam,/mnt/data20tb/NIPT_IONTOR_PHUONGCHAU/NIPTorrent/ref3_results/mapped/24PC0575_016.bam.bai
24PC0583_028,/mnt/data20tb/NIPT_IONTOR_PHUONGCHAU/NIPTorrent/ref3_results/mapped/24PC0583_028.bam,/mnt/data20tb/NIPT_IONTOR_PHUONGCHAU/NIPTorrent/ref3_results/mapped/24PC0583_028.bam.bai
24PC0585_030,/mnt/data20tb/NIPT_IONTOR_PHUONGCHAU/NIPTorrent/ref3_results/mapped/24PC0585_030.bam,/mnt/data20tb/NIPT_IONTOR_PHUONGCHAU/NIPTorrent/ref3_results/mapped/24PC0585_030.bam.bai
24PC0587_032,/mnt/data20tb/NIPT_IONTOR_PHUONGCHAU/NIPTorrent/ref3_results/mapped/24PC0587_032.bam,/mnt/data20tb/NIPT_IONTOR_PHUONGCHAU/NIPTorrent/ref3_results/mapped/24PC0587_032.bam.bai
24PC0588_033,/mnt/data20tb/NIPT_IONTOR_PHUONGCHAU/NIPTorrent/ref3_results/mapped/24PC0588_033.bam,/mnt/data20tb/NIPT_IONTOR_PHUONGCHAU/NIPTorrent/ref3_results/mapped/24PC0588_033.bam.bai
24PC0589_034,/mnt/data20tb/NIPT_IONTOR_PHUONGCHAU/NIPTorrent/ref3_results/mapped/24PC0589_034.bam,/mnt/data20tb/NIPT_IONTOR_PHUONGCHAU/NIPTorrent/ref3_results/mapped/24PC0589_034.bam.bai
24PC0590_035,/mnt/data20tb/NIPT_IONTOR_PHUONGCHAU/NIPTorrent/ref3_results/mapped/24PC0590_035.bam,/mnt/data20tb/NIPT_IONTOR_PHUONGCHAU/NIPTorrent/ref3_results/mapped/24PC0590_035.bam.bai
24PC0591_036,/mnt/data20tb/NIPT_IONTOR_PHUONGCHAU/NIPTorrent/ref3_results/mapped/24PC0591_036.bam,/mnt/data20tb/NIPT_IONTOR_PHUONGCHAU/NIPTorrent/ref3_results/mapped/24PC0591_036.bam.bai
24PC0593_038,/mnt/data20tb/NIPT_IONTOR_PHUONGCHAU/NIPTorrent/ref3_results/mapped/24PC0593_038.bam,/mnt/data20tb/NIPT_IONTOR_PHUONGCHAU/NIPTorrent/ref3_results/mapped/24PC0593_038.bam.bai
24PC0594_039,/mnt/data20tb/NIPT_IONTOR_PHUONGCHAU/NIPTorrent/ref3_results/mapped/24PC0594_039.bam,/mnt/data20tb/NIPT_IONTOR_PHUONGCHAU/NIPTorrent/ref3_results/mapped/24PC0594_039.bam.bai
24PC0595_040,/mnt/data20tb/NIPT_IONTOR_PHUONGCHAU/NIPTorrent/ref3_results/mapped/24PC0595_040.bam,/mnt/data20tb/NIPT_IONTOR_PHUONGCHAU/NIPTorrent/ref3_results/mapped/24PC0595_040.bam.bai
24PC0596_041,/mnt/data20tb/NIPT_IONTOR_PHUONGCHAU/NIPTorrent/ref3_results/mapped/24PC0596_041.bam,/mnt/data20tb/NIPT_IONTOR_PHUONGCHAU/NIPTorrent/ref3_results/mapped/24PC0596_041.bam.bai
24PC0597_042,/mnt/data20tb/NIPT_IONTOR_PHUONGCHAU/NIPTorrent/ref3_results/mapped/24PC0597_042.bam,/mnt/data20tb/NIPT_IONTOR_PHUONGCHAU/NIPTorrent/ref3_results/mapped/24PC0597_042.bam.bai
24PC0599_044,/mnt/data20tb/NIPT_IONTOR_PHUONGCHAU/NIPTorrent/ref3_results/mapped/24PC0599_044.bam,/mnt/data20tb/NIPT_IONTOR_PHUONGCHAU/NIPTorrent/ref3_results/mapped/24PC0599_044.bam.bai
24PC0600_004,/mnt/data20tb/NIPT_IONTOR_PHUONGCHAU/NIPTorrent/ref3_results/mapped/24PC0600_004.bam,/mnt/data20tb/NIPT_IONTOR_PHUONGCHAU/NIPTorrent/ref3_results/mapped/24PC0600_004.bam.bai
24PC0601_046,/mnt/data20tb/NIPT_IONTOR_PHUONGCHAU/NIPTorrent/ref3_results/mapped/24PC0601_046.bam,/mnt/data20tb/NIPT_IONTOR_PHUONGCHAU/NIPTorrent/ref3_results/mapped/24PC0601_046.bam.bai
24PC0602_047,/mnt/data20tb/NIPT_IONTOR_PHUONGCHAU/NIPTorrent/ref3_results/mapped/24PC0602_047.bam,/mnt/data20tb/NIPT_IONTOR_PHUONGCHAU/NIPTorrent/ref3_results/mapped/24PC0602_047.bam.bai
24PC0603_048,/mnt/data20tb/NIPT_IONTOR_PHUONGCHAU/NIPTorrent/ref3_results/mapped/24PC0603_048.bam,/mnt/data20tb/NIPT_IONTOR_PHUONGCHAU/NIPTorrent/ref3_results/mapped/24PC0603_048.bam.bai
24PC0605_002,/mnt/data20tb/NIPT_IONTOR_PHUONGCHAU/NIPTorrent/ref3_results/mapped/24PC0605_002.bam,/mnt/data20tb/NIPT_IONTOR_PHUONGCHAU/NIPTorrent/ref3_results/mapped/24PC0605_002.bam.bai
24PC0606_003,/mnt/data20tb/NIPT_IONTOR_PHUONGCHAU/NIPTorrent/ref3_results/mapped/24PC0606_003.bam,/mnt/data20tb/NIPT_IONTOR_PHUONGCHAU/NIPTorrent/ref3_results/mapped/24PC0606_003.bam.bai
24PC0607_004,/mnt/data20tb/NIPT_IONTOR_PHUONGCHAU/NIPTorrent/ref3_results/mapped/24PC0607_004.bam,/mnt/data20tb/NIPT_IONTOR_PHUONGCHAU/NIPTorrent/ref3_results/mapped/24PC0607_004.bam.bai
24PC0608_005,/mnt/data20tb/NIPT_IONTOR_PHUONGCHAU/NIPTorrent/ref3_results/mapped/24PC0608_005.bam,/mnt/data20tb/NIPT_IONTOR_PHUONGCHAU/NIPTorrent/ref3_results/mapped/24PC0608_005.bam.bai
24PC0614_011,/mnt/data20tb/NIPT_IONTOR_PHUONGCHAU/NIPTorrent/ref3_results/mapped/24PC0614_011.bam,/mnt/data20tb/NIPT_IONTOR_PHUONGCHAU/NIPTorrent/ref3_results/mapped/24PC0614_011.bam.bai
24PC0615_012,/mnt/data20tb/NIPT_IONTOR_PHUONGCHAU/NIPTorrent/ref3_results/mapped/24PC0615_012.bam,/mnt/data20tb/NIPT_IONTOR_PHUONGCHAU/NIPTorrent/ref3_results/mapped/24PC0615_012.bam.bai
24PC0624_022,/mnt/data20tb/NIPT_IONTOR_PHUONGCHAU/NIPTorrent/ref3_results/mapped/24PC0624_022.bam,/mnt/data20tb/NIPT_IONTOR_PHUONGCHAU/NIPTorrent/ref3_results/mapped/24PC0624_022.bam.bai
24PC0628_032,/mnt/data20tb/NIPT_IONTOR_PHUONGCHAU/NIPTorrent/ref3_results/mapped/24PC0628_032.bam,/mnt/data20tb/NIPT_IONTOR_PHUONGCHAU/NIPTorrent/ref3_results/mapped/24PC0628_032.bam.bai
24PC0629_033,/mnt/data20tb/NIPT_IONTOR_PHUONGCHAU/NIPTorrent/ref3_results/mapped/24PC0629_033.bam,/mnt/data20tb/NIPT_IONTOR_PHUONGCHAU/NIPTorrent/ref3_results/mapped/24PC0629_033.bam.bai
24PC0630_034,/mnt/data20tb/NIPT_IONTOR_PHUONGCHAU/NIPTorrent/ref3_results/mapped/24PC0630_034.bam,/mnt/data20tb/NIPT_IONTOR_PHUONGCHAU/NIPTorrent/ref3_results/mapped/24PC0630_034.bam.bai
24PC0631_035,/mnt/data20tb/NIPT_IONTOR_PHUONGCHAU/NIPTorrent/ref3_results/mapped/24PC0631_035.bam,/mnt/data20tb/NIPT_IONTOR_PHUONGCHAU/NIPTorrent/ref3_results/mapped/24PC0631_035.bam.bai
24PC0633_037,/mnt/data20tb/NIPT_IONTOR_PHUONGCHAU/NIPTorrent/ref3_results/mapped/24PC0633_037.bam,/mnt/data20tb/NIPT_IONTOR_PHUONGCHAU/NIPTorrent/ref3_results/mapped/24PC0633_037.bam.bai
24PC0634_038,/mnt/data20tb/NIPT_IONTOR_PHUONGCHAU/NIPTorrent/ref3_results/mapped/24PC0634_038.bam,/mnt/data20tb/NIPT_IONTOR_PHUONGCHAU/NIPTorrent/ref3_results/mapped/24PC0634_038.bam.bai
24PC0636_040,/mnt/data20tb/NIPT_IONTOR_PHUONGCHAU/NIPTorrent/ref3_results/mapped/24PC0636_040.bam,/mnt/data20tb/NIPT_IONTOR_PHUONGCHAU/NIPTorrent/ref3_results/mapped/24PC0636_040.bam.bai
24PC0637_041,/mnt/data20tb/NIPT_IONTOR_PHUONGCHAU/NIPTorrent/ref3_results/mapped/24PC0637_041.bam,/mnt/data20tb/NIPT_IONTOR_PHUONGCHAU/NIPTorrent/ref3_results/mapped/24PC0637_041.bam.bai
24PC0638_011,/mnt/data20tb/NIPT_IONTOR_PHUONGCHAU/NIPTorrent/ref3_results/mapped/24PC0638_011.bam,/mnt/data20tb/NIPT_IONTOR_PHUONGCHAU/NIPTorrent/ref3_results/mapped/24PC0638_011.bam.bai
24PC0640_044,/mnt/data20tb/NIPT_IONTOR_PHUONGCHAU/NIPTorrent/ref3_results/mapped/24PC0640_044.bam,/mnt/data20tb/NIPT_IONTOR_PHUONGCHAU/NIPTorrent/ref3_results/mapped/24PC0640_044.bam.bai
24PC0641_045,/mnt/data20tb/NIPT_IONTOR_PHUONGCHAU/NIPTorrent/ref3_results/mapped/24PC0641_045.bam,/mnt/data20tb/NIPT_IONTOR_PHUONGCHAU/NIPTorrent/ref3_results/mapped/24PC0641_045.bam.bai
24PC0642_046,/mnt/data20tb/NIPT_IONTOR_PHUONGCHAU/NIPTorrent/ref3_results/mapped/24PC0642_046.bam,/mnt/data20tb/NIPT_IONTOR_PHUONGCHAU/NIPTorrent/ref3_results/mapped/24PC0642_046.bam.bai
24PC0644_048,/mnt/data20tb/NIPT_IONTOR_PHUONGCHAU/NIPTorrent/ref3_results/mapped/24PC0644_048.bam,/mnt/data20tb/NIPT_IONTOR_PHUONGCHAU/NIPTorrent/ref3_results/mapped/24PC0644_048.bam.bai
24PC0645_001,/mnt/data20tb/NIPT_IONTOR_PHUONGCHAU/NIPTorrent/ref3_results/mapped/24PC0645_001.bam,/mnt/data20tb/NIPT_IONTOR_PHUONGCHAU/NIPTorrent/ref3_results/mapped/24PC0645_001.bam.bai
24PC0647_007,/mnt/data20tb/NIPT_IONTOR_PHUONGCHAU/NIPTorrent/ref3_results/mapped/24PC0647_007.bam,/mnt/data20tb/NIPT_IONTOR_PHUONGCHAU/NIPTorrent/ref3_results/mapped/24PC0647_007.bam.bai
24PC0649_009,/mnt/data20tb/NIPT_IONTOR_PHUONGCHAU/NIPTorrent/ref3_results/mapped/24PC0649_009.bam,/mnt/data20tb/NIPT_IONTOR_PHUONGCHAU/NIPTorrent/ref3_results/mapped/24PC0649_009.bam.bai
24PC0650_010,/mnt/data20tb/NIPT_IONTOR_PHUONGCHAU/NIPTorrent/ref3_results/mapped/24PC0650_010.bam,/mnt/data20tb/NIPT_IONTOR_PHUONGCHAU/NIPTorrent/ref3_results/mapped/24PC0650_010.bam.bai
24PC0651_011,/mnt/data20tb/NIPT_IONTOR_PHUONGCHAU/NIPTorrent/ref3_results/mapped/24PC0651_011.bam,/mnt/data20tb/NIPT_IONTOR_PHUONGCHAU/NIPTorrent/ref3_results/mapped/24PC0651_011.bam.bai
24PC0657_017,/mnt/data20tb/NIPT_IONTOR_PHUONGCHAU/NIPTorrent/ref3_results/mapped/24PC0657_017.bam,/mnt/data20tb/NIPT_IONTOR_PHUONGCHAU/NIPTorrent/ref3_results/mapped/24PC0657_017.bam.bai
24PC0659_020,/mnt/data20tb/NIPT_IONTOR_PHUONGCHAU/NIPTorrent/ref3_results/mapped/24PC0659_020.bam,/mnt/data20tb/NIPT_IONTOR_PHUONGCHAU/NIPTorrent/ref3_results/mapped/24PC0659_020.bam.bai
24PC0668_029,/mnt/data20tb/NIPT_IONTOR_PHUONGCHAU/NIPTorrent/ref3_results/mapped/24PC0668_029.bam,/mnt/data20tb/NIPT_IONTOR_PHUONGCHAU/NIPTorrent/ref3_results/mapped/24PC0668_029.bam.bai
24PC0669_030,/mnt/data20tb/NIPT_IONTOR_PHUONGCHAU/NIPTorrent/ref3_results/mapped/24PC0669_030.bam,/mnt/data20tb/NIPT_IONTOR_PHUONGCHAU/NIPTorrent/ref3_results/mapped/24PC0669_030.bam.bai
24PC0671_032,/mnt/data20tb/NIPT_IONTOR_PHUONGCHAU/NIPTorrent/ref3_results/mapped/24PC0671_032.bam,/mnt/data20tb/NIPT_IONTOR_PHUONGCHAU/NIPTorrent/ref3_results/mapped/24PC0671_032.bam.bai
24PC0672_033,/mnt/data20tb/NIPT_IONTOR_PHUONGCHAU/NIPTorrent/ref3_results/mapped/24PC0672_033.bam,/mnt/data20tb/NIPT_IONTOR_PHUONGCHAU/NIPTorrent/ref3_results/mapped/24PC0672_033.bam.bai
24PC0686_036,/mnt/data20tb/NIPT_IONTOR_PHUONGCHAU/NIPTorrent/ref3_results/mapped/24PC0686_036.bam,/mnt/data20tb/NIPT_IONTOR_PHUONGCHAU/NIPTorrent/ref3_results/mapped/24PC0686_036.bam.bai
24PC0687_004,/mnt/data20tb/NIPT_IONTOR_PHUONGCHAU/NIPTorrent/ref3_results/mapped/24PC0687_004.bam,/mnt/data20tb/NIPT_IONTOR_PHUONGCHAU/NIPTorrent/ref3_results/mapped/24PC0687_004.bam.bai
24PC0688_005,/mnt/data20tb/NIPT_IONTOR_PHUONGCHAU/NIPTorrent/ref3_results/mapped/24PC0688_005.bam,/mnt/data20tb/NIPT_IONTOR_PHUONGCHAU/NIPTorrent/ref3_results/mapped/24PC0688_005.bam.bai
24PC0693_010,/mnt/data20tb/NIPT_IONTOR_PHUONGCHAU/NIPTorrent/ref3_results/mapped/24PC0693_010.bam,/mnt/data20tb/NIPT_IONTOR_PHUONGCHAU/NIPTorrent/ref3_results/mapped/24PC0693_010.bam.bai
24PC0694_012,/mnt/data20tb/NIPT_IONTOR_PHUONGCHAU/NIPTorrent/ref3_results/mapped/24PC0694_012.bam,/mnt/data20tb/NIPT_IONTOR_PHUONGCHAU/NIPTorrent/ref3_results/mapped/24PC0694_012.bam.bai
24PC0696_014,/mnt/data20tb/NIPT_IONTOR_PHUONGCHAU/NIPTorrent/ref3_results/mapped/24PC0696_014.bam,/mnt/data20tb/NIPT_IONTOR_PHUONGCHAU/NIPTorrent/ref3_results/mapped/24PC0696_014.bam.bai
24PC0697_015,/mnt/data20tb/NIPT_IONTOR_PHUONGCHAU/NIPTorrent/ref3_results/mapped/24PC0697_015.bam,/mnt/data20tb/NIPT_IONTOR_PHUONGCHAU/NIPTorrent/ref3_results/mapped/24PC0697_015.bam.bai
24PC0701_020,/mnt/data20tb/NIPT_IONTOR_PHUONGCHAU/NIPTorrent/ref3_results/mapped/24PC0701_020.bam,/mnt/data20tb/NIPT_IONTOR_PHUONGCHAU/NIPTorrent/ref3_results/mapped/24PC0701_020.bam.bai
24PC0702_021,/mnt/data20tb/NIPT_IONTOR_PHUONGCHAU/NIPTorrent/ref3_results/mapped/24PC0702_021.bam,/mnt/data20tb/NIPT_IONTOR_PHUONGCHAU/NIPTorrent/ref3_results/mapped/24PC0702_021.bam.bai
24PC0706_025,/mnt/data20tb/NIPT_IONTOR_PHUONGCHAU/NIPTorrent/ref3_results/mapped/24PC0706_025.bam,/mnt/data20tb/NIPT_IONTOR_PHUONGCHAU/NIPTorrent/ref3_results/mapped/24PC0706_025.bam.bai
24PC0710_029,/mnt/data20tb/NIPT_IONTOR_PHUONGCHAU/NIPTorrent/ref3_results/mapped/24PC0710_029.bam,/mnt/data20tb/NIPT_IONTOR_PHUONGCHAU/NIPTorrent/ref3_results/mapped/24PC0710_029.bam.bai
24PC0713_032,/mnt/data20tb/NIPT_IONTOR_PHUONGCHAU/NIPTorrent/ref3_results/mapped/24PC0713_032.bam,/mnt/data20tb/NIPT_IONTOR_PHUONGCHAU/NIPTorrent/ref3_results/mapped/24PC0713_032.bam.bai
24PC0714_033,/mnt/data20tb/NIPT_IONTOR_PHUONGCHAU/NIPTorrent/ref3_results/mapped/24PC0714_033.bam,/mnt/data20tb/NIPT_IONTOR_PHUONGCHAU/NIPTorrent/ref3_results/mapped/24PC0714_033.bam.bai
24PC0717_037,/mnt/data20tb/NIPT_IONTOR_PHUONGCHAU/NIPTorrent/ref3_results/mapped/24PC0717_037.bam,/mnt/data20tb/NIPT_IONTOR_PHUONGCHAU/NIPTorrent/ref3_results/mapped/24PC0717_037.bam.bai
24PC0720_040,/mnt/data20tb/NIPT_IONTOR_PHUONGCHAU/NIPTorrent/ref3_results/mapped/24PC0720_040.bam,/mnt/data20tb/NIPT_IONTOR_PHUONGCHAU/NIPTorrent/ref3_results/mapped/24PC0720_040.bam.bai
24PC0723_043,/mnt/data20tb/NIPT_IONTOR_PHUONGCHAU/NIPTorrent/ref3_results/mapped/24PC0723_043.bam,/mnt/data20tb/NIPT_IONTOR_PHUONGCHAU/NIPTorrent/ref3_results/mapped/24PC0723_043.bam.bai
24PC0725_045,/mnt/data20tb/NIPT_IONTOR_PHUONGCHAU/NIPTorrent/ref3_results/mapped/24PC0725_045.bam,/mnt/data20tb/NIPT_IONTOR_PHUONGCHAU/NIPTorrent/ref3_results/mapped/24PC0725_045.bam.bai
24PC0726_046,/mnt/data20tb/NIPT_IONTOR_PHUONGCHAU/NIPTorrent/ref3_results/mapped/24PC0726_046.bam,/mnt/data20tb/NIPT_IONTOR_PHUONGCHAU/NIPTorrent/ref3_results/mapped/24PC0726_046.bam.bai
24PC0727_047,/mnt/data20tb/NIPT_IONTOR_PHUONGCHAU/NIPTorrent/ref3_results/mapped/24PC0727_047.bam,/mnt/data20tb/NIPT_IONTOR_PHUONGCHAU/NIPTorrent/ref3_results/mapped/24PC0727_047.bam.bai
24PC0731_003,/mnt/data20tb/NIPT_IONTOR_PHUONGCHAU/NIPTorrent/ref3_results/mapped/24PC0731_003.bam,/mnt/data20tb/NIPT_IONTOR_PHUONGCHAU/NIPTorrent/ref3_results/mapped/24PC0731_003.bam.bai
24PC0732_004,/mnt/data20tb/NIPT_IONTOR_PHUONGCHAU/NIPTorrent/ref3_results/mapped/24PC0732_004.bam,/mnt/data20tb/NIPT_IONTOR_PHUONGCHAU/NIPTorrent/ref3_results/mapped/24PC0732_004.bam.bai
24PC0733_005,/mnt/data20tb/NIPT_IONTOR_PHUONGCHAU/NIPTorrent/ref3_results/mapped/24PC0733_005.bam,/mnt/data20tb/NIPT_IONTOR_PHUONGCHAU/NIPTorrent/ref3_results/mapped/24PC0733_005.bam.bai
24PC0734_006,/mnt/data20tb/NIPT_IONTOR_PHUONGCHAU/NIPTorrent/ref3_results/mapped/24PC0734_006.bam,/mnt/data20tb/NIPT_IONTOR_PHUONGCHAU/NIPTorrent/ref3_results/mapped/24PC0734_006.bam.bai
24PC0735_007,/mnt/data20tb/NIPT_IONTOR_PHUONGCHAU/NIPTorrent/ref3_results/mapped/24PC0735_007.bam,/mnt/data20tb/NIPT_IONTOR_PHUONGCHAU/NIPTorrent/ref3_results/mapped/24PC0735_007.bam.bai
24PC0736_008,/mnt/data20tb/NIPT_IONTOR_PHUONGCHAU/NIPTorrent/ref3_results/mapped/24PC0736_008.bam,/mnt/data20tb/NIPT_IONTOR_PHUONGCHAU/NIPTorrent/ref3_results/mapped/24PC0736_008.bam.bai
24PC0737_009,/mnt/data20tb/NIPT_IONTOR_PHUONGCHAU/NIPTorrent/ref3_results/mapped/24PC0737_009.bam,/mnt/data20tb/NIPT_IONTOR_PHUONGCHAU/NIPTorrent/ref3_results/mapped/24PC0737_009.bam.bai
24PC0739_011,/mnt/data20tb/NIPT_IONTOR_PHUONGCHAU/NIPTorrent/ref3_results/mapped/24PC0739_011.bam,/mnt/data20tb/NIPT_IONTOR_PHUONGCHAU/NIPTorrent/ref3_results/mapped/24PC0739_011.bam.bai
24PC0740_012,/mnt/data20tb/NIPT_IONTOR_PHUONGCHAU/NIPTorrent/ref3_results/mapped/24PC0740_012.bam,/mnt/data20tb/NIPT_IONTOR_PHUONGCHAU/NIPTorrent/ref3_results/mapped/24PC0740_012.bam.bai
24PC0741_013,/mnt/data20tb/NIPT_IONTOR_PHUONGCHAU/NIPTorrent/ref3_results/mapped/24PC0741_013.bam,/mnt/data20tb/NIPT_IONTOR_PHUONGCHAU/NIPTorrent/ref3_results/mapped/24PC0741_013.bam.bai
24PC0742_022,/mnt/data20tb/NIPT_IONTOR_PHUONGCHAU/NIPTorrent/ref3_results/mapped/24PC0742_022.bam,/mnt/data20tb/NIPT_IONTOR_PHUONGCHAU/NIPTorrent/ref3_results/mapped/24PC0742_022.bam.bai
24PC0743_023,/mnt/data20tb/NIPT_IONTOR_PHUONGCHAU/NIPTorrent/ref3_results/mapped/24PC0743_023.bam,/mnt/data20tb/NIPT_IONTOR_PHUONGCHAU/NIPTorrent/ref3_results/mapped/24PC0743_023.bam.bai
24PC0744_024,/mnt/data20tb/NIPT_IONTOR_PHUONGCHAU/NIPTorrent/ref3_results/mapped/24PC0744_024.bam,/mnt/data20tb/NIPT_IONTOR_PHUONGCHAU/NIPTorrent/ref3_results/mapped/24PC0744_024.bam.bai
24PC0745_025,/mnt/data20tb/NIPT_IONTOR_PHUONGCHAU/NIPTorrent/ref3_results/mapped/24PC0745_025.bam,/mnt/data20tb/NIPT_IONTOR_PHUONGCHAU/NIPTorrent/ref3_results/mapped/24PC0745_025.bam.bai
24PC0747_027,/mnt/data20tb/NIPT_IONTOR_PHUONGCHAU/NIPTorrent/ref3_results/mapped/24PC0747_027.bam,/mnt/data20tb/NIPT_IONTOR_PHUONGCHAU/NIPTorrent/ref3_results/mapped/24PC0747_027.bam.bai
24PC0748_028,/mnt/data20tb/NIPT_IONTOR_PHUONGCHAU/NIPTorrent/ref3_results/mapped/24PC0748_028.bam,/mnt/data20tb/NIPT_IONTOR_PHUONGCHAU/NIPTorrent/ref3_results/mapped/24PC0748_028.bam.bai
24PC0749_029,/mnt/data20tb/NIPT_IONTOR_PHUONGCHAU/NIPTorrent/ref3_results/mapped/24PC0749_029.bam,/mnt/data20tb/NIPT_IONTOR_PHUONGCHAU/NIPTorrent/ref3_results/mapped/24PC0749_029.bam.bai
24PC0750_030,/mnt/data20tb/NIPT_IONTOR_PHUONGCHAU/NIPTorrent/ref3_results/mapped/24PC0750_030.bam,/mnt/data20tb/NIPT_IONTOR_PHUONGCHAU/NIPTorrent/ref3_results/mapped/24PC0750_030.bam.bai
24PC0751_031,/mnt/data20tb/NIPT_IONTOR_PHUONGCHAU/NIPTorrent/ref3_results/mapped/24PC0751_031.bam,/mnt/data20tb/NIPT_IONTOR_PHUONGCHAU/NIPTorrent/ref3_results/mapped/24PC0751_031.bam.bai
24PC0754_014,/mnt/data20tb/NIPT_IONTOR_PHUONGCHAU/NIPTorrent/ref3_results/mapped/24PC0754_014.bam,/mnt/data20tb/NIPT_IONTOR_PHUONGCHAU/NIPTorrent/ref3_results/mapped/24PC0754_014.bam.bai
24PC0756_034,/mnt/data20tb/NIPT_IONTOR_PHUONGCHAU/NIPTorrent/ref3_results/mapped/24PC0756_034.bam,/mnt/data20tb/NIPT_IONTOR_PHUONGCHAU/NIPTorrent/ref3_results/mapped/24PC0756_034.bam.bai
24PC0757_035,/mnt/data20tb/NIPT_IONTOR_PHUONGCHAU/NIPTorrent/ref3_results/mapped/24PC0757_035.bam,/mnt/data20tb/NIPT_IONTOR_PHUONGCHAU/NIPTorrent/ref3_results/mapped/24PC0757_035.bam.bai
24PC0760_028,/mnt/data20tb/NIPT_IONTOR_PHUONGCHAU/NIPTorrent/ref3_results/mapped/24PC0760_028.bam,/mnt/data20tb/NIPT_IONTOR_PHUONGCHAU/NIPTorrent/ref3_results/mapped/24PC0760_028.bam.bai
24PC0762_040,/mnt/data20tb/NIPT_IONTOR_PHUONGCHAU/NIPTorrent/ref3_results/mapped/24PC0762_040.bam,/mnt/data20tb/NIPT_IONTOR_PHUONGCHAU/NIPTorrent/ref3_results/mapped/24PC0762_040.bam.bai
24PC0763_041,/mnt/data20tb/NIPT_IONTOR_PHUONGCHAU/NIPTorrent/ref3_results/mapped/24PC0763_041.bam,/mnt/data20tb/NIPT_IONTOR_PHUONGCHAU/NIPTorrent/ref3_results/mapped/24PC0763_041.bam.bai
24PC0764_042,/mnt/data20tb/NIPT_IONTOR_PHUONGCHAU/NIPTorrent/ref3_results/mapped/24PC0764_042.bam,/mnt/data20tb/NIPT_IONTOR_PHUONGCHAU/NIPTorrent/ref3_results/mapped/24PC0764_042.bam.bai
24PC0765_043,/mnt/data20tb/NIPT_IONTOR_PHUONGCHAU/NIPTorrent/ref3_results/mapped/24PC0765_043.bam,/mnt/data20tb/NIPT_IONTOR_PHUONGCHAU/NIPTorrent/ref3_results/mapped/24PC0765_043.bam.bai
24PC0767_045,/mnt/data20tb/NIPT_IONTOR_PHUONGCHAU/NIPTorrent/ref3_results/mapped/24PC0767_045.bam,/mnt/data20tb/NIPT_IONTOR_PHUONGCHAU/NIPTorrent/ref3_results/mapped/24PC0767_045.bam.bai
24PC0768_046,/mnt/data20tb/NIPT_IONTOR_PHUONGCHAU/NIPTorrent/ref3_results/mapped/24PC0768_046.bam,/mnt/data20tb/NIPT_IONTOR_PHUONGCHAU/NIPTorrent/ref3_results/mapped/24PC0768_046.bam.bai
24PC0770_023,/mnt/data20tb/NIPT_IONTOR_PHUONGCHAU/NIPTorrent/ref3_results/mapped/24PC0770_023.bam,/mnt/data20tb/NIPT_IONTOR_PHUONGCHAU/NIPTorrent/ref3_results/mapped/24PC0770_023.bam.bai
24PC0771_001,/mnt/data20tb/NIPT_IONTOR_PHUONGCHAU/NIPTorrent/ref3_results/mapped/24PC0771_001.bam,/mnt/data20tb/NIPT_IONTOR_PHUONGCHAU/NIPTorrent/ref3_results/mapped/24PC0771_001.bam.bai
24PC0772_002,/mnt/data20tb/NIPT_IONTOR_PHUONGCHAU/NIPTorrent/ref3_results/mapped/24PC0772_002.bam,/mnt/data20tb/NIPT_IONTOR_PHUONGCHAU/NIPTorrent/ref3_results/mapped/24PC0772_002.bam.bai
24PC0773_003,/mnt/data20tb/NIPT_IONTOR_PHUONGCHAU/NIPTorrent/ref3_results/mapped/24PC0773_003.bam,/mnt/data20tb/NIPT_IONTOR_PHUONGCHAU/NIPTorrent/ref3_results/mapped/24PC0773_003.bam.bai
24PC0774_004,/mnt/data20tb/NIPT_IONTOR_PHUONGCHAU/NIPTorrent/ref3_results/mapped/24PC0774_004.bam,/mnt/data20tb/NIPT_IONTOR_PHUONGCHAU/NIPTorrent/ref3_results/mapped/24PC0774_004.bam.bai
24PC0775_005,/mnt/data20tb/NIPT_IONTOR_PHUONGCHAU/NIPTorrent/ref3_results/mapped/24PC0775_005.bam,/mnt/data20tb/NIPT_IONTOR_PHUONGCHAU/NIPTorrent/ref3_results/mapped/24PC0775_005.bam.bai
24PC0776_024,/mnt/data20tb/NIPT_IONTOR_PHUONGCHAU/NIPTorrent/ref3_results/mapped/24PC0776_024.bam,/mnt/data20tb/NIPT_IONTOR_PHUONGCHAU/NIPTorrent/ref3_results/mapped/24PC0776_024.bam.bai
24PC0779_009,/mnt/data20tb/NIPT_IONTOR_PHUONGCHAU/NIPTorrent/ref3_results/mapped/24PC0779_009.bam,/mnt/data20tb/NIPT_IONTOR_PHUONGCHAU/NIPTorrent/ref3_results/mapped/24PC0779_009.bam.bai
24PC0780_010,/mnt/data20tb/NIPT_IONTOR_PHUONGCHAU/NIPTorrent/ref3_results/mapped/24PC0780_010.bam,/mnt/data20tb/NIPT_IONTOR_PHUONGCHAU/NIPTorrent/ref3_results/mapped/24PC0780_010.bam.bai
24PC0781_011,/mnt/data20tb/NIPT_IONTOR_PHUONGCHAU/NIPTorrent/ref3_results/mapped/24PC0781_011.bam,/mnt/data20tb/NIPT_IONTOR_PHUONGCHAU/NIPTorrent/ref3_results/mapped/24PC0781_011.bam.bai
24PC0782_012,/mnt/data20tb/NIPT_IONTOR_PHUONGCHAU/NIPTorrent/ref3_results/mapped/24PC0782_012.bam,/mnt/data20tb/NIPT_IONTOR_PHUONGCHAU/NIPTorrent/ref3_results/mapped/24PC0782_012.bam.bai
24PC0783_013,/mnt/data20tb/NIPT_IONTOR_PHUONGCHAU/NIPTorrent/ref3_results/mapped/24PC0783_013.bam,/mnt/data20tb/NIPT_IONTOR_PHUONGCHAU/NIPTorrent/ref3_results/mapped/24PC0783_013.bam.bai
24PC0784_014,/mnt/data20tb/NIPT_IONTOR_PHUONGCHAU/NIPTorrent/ref3_results/mapped/24PC0784_014.bam,/mnt/data20tb/NIPT_IONTOR_PHUONGCHAU/NIPTorrent/ref3_results/mapped/24PC0784_014.bam.bai
24PC0786_016,/mnt/data20tb/NIPT_IONTOR_PHUONGCHAU/NIPTorrent/ref3_results/mapped/24PC0786_016.bam,/mnt/data20tb/NIPT_IONTOR_PHUONGCHAU/NIPTorrent/ref3_results/mapped/24PC0786_016.bam.bai
24PC0788_023,/mnt/data20tb/NIPT_IONTOR_PHUONGCHAU/NIPTorrent/ref3_results/mapped/24PC0788_023.bam,/mnt/data20tb/NIPT_IONTOR_PHUONGCHAU/NIPTorrent/ref3_results/mapped/24PC0788_023.bam.bai
24PC0789_024,/mnt/data20tb/NIPT_IONTOR_PHUONGCHAU/NIPTorrent/ref3_results/mapped/24PC0789_024.bam,/mnt/data20tb/NIPT_IONTOR_PHUONGCHAU/NIPTorrent/ref3_results/mapped/24PC0789_024.bam.bai
24PC0790_025,/mnt/data20tb/NIPT_IONTOR_PHUONGCHAU/NIPTorrent/ref3_results/mapped/24PC0790_025.bam,/mnt/data20tb/NIPT_IONTOR_PHUONGCHAU/NIPTorrent/ref3_results/mapped/24PC0790_025.bam.bai
24PC0791_026,/mnt/data20tb/NIPT_IONTOR_PHUONGCHAU/NIPTorrent/ref3_results/mapped/24PC0791_026.bam,/mnt/data20tb/NIPT_IONTOR_PHUONGCHAU/NIPTorrent/ref3_results/mapped/24PC0791_026.bam.bai
24PC0792_027,/mnt/data20tb/NIPT_IONTOR_PHUONGCHAU/NIPTorrent/ref3_results/mapped/24PC0792_027.bam,/mnt/data20tb/NIPT_IONTOR_PHUONGCHAU/NIPTorrent/ref3_results/mapped/24PC0792_027.bam.bai
24PC0793_028,/mnt/data20tb/NIPT_IONTOR_PHUONGCHAU/NIPTorrent/ref3_results/mapped/24PC0793_028.bam,/mnt/data20tb/NIPT_IONTOR_PHUONGCHAU/NIPTorrent/ref3_results/mapped/24PC0793_028.bam.bai
24PC0795_030,/mnt/data20tb/NIPT_IONTOR_PHUONGCHAU/NIPTorrent/ref3_results/mapped/24PC0795_030.bam,/mnt/data20tb/NIPT_IONTOR_PHUONGCHAU/NIPTorrent/ref3_results/mapped/24PC0795_030.bam.bai
24PC0796_031,/mnt/data20tb/NIPT_IONTOR_PHUONGCHAU/NIPTorrent/ref3_results/mapped/24PC0796_031.bam,/mnt/data20tb/NIPT_IONTOR_PHUONGCHAU/NIPTorrent/ref3_results/mapped/24PC0796_031.bam.bai
24PC0797_032,/mnt/data20tb/NIPT_IONTOR_PHUONGCHAU/NIPTorrent/ref3_results/mapped/24PC0797_032.bam,/mnt/data20tb/NIPT_IONTOR_PHUONGCHAU/NIPTorrent/ref3_results/mapped/24PC0797_032.bam.bai
24PC0798_033,/mnt/data20tb/NIPT_IONTOR_PHUONGCHAU/NIPTorrent/ref3_results/mapped/24PC0798_033.bam,/mnt/data20tb/NIPT_IONTOR_PHUONGCHAU/NIPTorrent/ref3_results/mapped/24PC0798_033.bam.bai
24PC0799_034,/mnt/data20tb/NIPT_IONTOR_PHUONGCHAU/NIPTorrent/ref3_results/mapped/24PC0799_034.bam,/mnt/data20tb/NIPT_IONTOR_PHUONGCHAU/NIPTorrent/ref3_results/mapped/24PC0799_034.bam.bai
24PC0801_044,/mnt/data20tb/NIPT_IONTOR_PHUONGCHAU/NIPTorrent/ref3_results/mapped/24PC0801_044.bam,/mnt/data20tb/NIPT_IONTOR_PHUONGCHAU/NIPTorrent/ref3_results/mapped/24PC0801_044.bam.bai
24PC0802_045,/mnt/data20tb/NIPT_IONTOR_PHUONGCHAU/NIPTorrent/ref3_results/mapped/24PC0802_045.bam,/mnt/data20tb/NIPT_IONTOR_PHUONGCHAU/NIPTorrent/ref3_results/mapped/24PC0802_045.bam.bai
24PC0803_046,/mnt/data20tb/NIPT_IONTOR_PHUONGCHAU/NIPTorrent/ref3_results/mapped/24PC0803_046.bam,/mnt/data20tb/NIPT_IONTOR_PHUONGCHAU/NIPTorrent/ref3_results/mapped/24PC0803_046.bam.bai
24PC0804_047,/mnt/data20tb/NIPT_IONTOR_PHUONGCHAU/NIPTorrent/ref3_results/mapped/24PC0804_047.bam,/mnt/data20tb/NIPT_IONTOR_PHUONGCHAU/NIPTorrent/ref3_results/mapped/24PC0804_047.bam.bai
24PC0805_048,/mnt/data20tb/NIPT_IONTOR_PHUONGCHAU/NIPTorrent/ref3_results/mapped/24PC0805_048.bam,/mnt/data20tb/NIPT_IONTOR_PHUONGCHAU/NIPTorrent/ref3_results/mapped/24PC0805_048.bam.bai
24PC0806_001,/mnt/data20tb/NIPT_IONTOR_PHUONGCHAU/NIPTorrent/ref3_results/mapped/24PC0806_001.bam,/mnt/data20tb/NIPT_IONTOR_PHUONGCHAU/NIPTorrent/ref3_results/mapped/24PC0806_001.bam.bai
24PC0807_002,/mnt/data20tb/NIPT_IONTOR_PHUONGCHAU/NIPTorrent/ref3_results/mapped/24PC0807_002.bam,/mnt/data20tb/NIPT_IONTOR_PHUONGCHAU/NIPTorrent/ref3_results/mapped/24PC0807_002.bam.bai
24PC0808_003,/mnt/data20tb/NIPT_IONTOR_PHUONGCHAU/NIPTorrent/ref3_results/mapped/24PC0808_003.bam,/mnt/data20tb/NIPT_IONTOR_PHUONGCHAU/NIPTorrent/ref3_results/mapped/24PC0808_003.bam.bai
24PC0810_005,/mnt/data20tb/NIPT_IONTOR_PHUONGCHAU/NIPTorrent/ref3_results/mapped/24PC0810_005.bam,/mnt/data20tb/NIPT_IONTOR_PHUONGCHAU/NIPTorrent/ref3_results/mapped/24PC0810_005.bam.bai
24PC0811_006,/mnt/data20tb/NIPT_IONTOR_PHUONGCHAU/NIPTorrent/ref3_results/mapped/24PC0811_006.bam,/mnt/data20tb/NIPT_IONTOR_PHUONGCHAU/NIPTorrent/ref3_results/mapped/24PC0811_006.bam.bai
24PC0812_007,/mnt/data20tb/NIPT_IONTOR_PHUONGCHAU/NIPTorrent/ref3_results/mapped/24PC0812_007.bam,/mnt/data20tb/NIPT_IONTOR_PHUONGCHAU/NIPTorrent/ref3_results/mapped/24PC0812_007.bam.bai
24PC0813_008,/mnt/data20tb/NIPT_IONTOR_PHUONGCHAU/NIPTorrent/ref3_results/mapped/24PC0813_008.bam,/mnt/data20tb/NIPT_IONTOR_PHUONGCHAU/NIPTorrent/ref3_results/mapped/24PC0813_008.bam.bai
24PC0814_009,/mnt/data20tb/NIPT_IONTOR_PHUONGCHAU/NIPTorrent/ref3_results/mapped/24PC0814_009.bam,/mnt/data20tb/NIPT_IONTOR_PHUONGCHAU/NIPTorrent/ref3_results/mapped/24PC0814_009.bam.bai
24PC0815_010,/mnt/data20tb/NIPT_IONTOR_PHUONGCHAU/NIPTorrent/ref3_results/mapped/24PC0815_010.bam,/mnt/data20tb/NIPT_IONTOR_PHUONGCHAU/NIPTorrent/ref3_results/mapped/24PC0815_010.bam.bai
24PC0816_011,/mnt/data20tb/NIPT_IONTOR_PHUONGCHAU/NIPTorrent/ref3_results/mapped/24PC0816_011.bam,/mnt/data20tb/NIPT_IONTOR_PHUONGCHAU/NIPTorrent/ref3_results/mapped/24PC0816_011.bam.bai
24PC0818_013,/mnt/data20tb/NIPT_IONTOR_PHUONGCHAU/NIPTorrent/ref3_results/mapped/24PC0818_013.bam,/mnt/data20tb/NIPT_IONTOR_PHUONGCHAU/NIPTorrent/ref3_results/mapped/24PC0818_013.bam.bai
24PC0819_014,/mnt/data20tb/NIPT_IONTOR_PHUONGCHAU/NIPTorrent/ref3_results/mapped/24PC0819_014.bam,/mnt/data20tb/NIPT_IONTOR_PHUONGCHAU/NIPTorrent/ref3_results/mapped/24PC0819_014.bam.bai
24PC0820_015,/mnt/data20tb/NIPT_IONTOR_PHUONGCHAU/NIPTorrent/ref3_results/mapped/24PC0820_015.bam,/mnt/data20tb/NIPT_IONTOR_PHUONGCHAU/NIPTorrent/ref3_results/mapped/24PC0820_015.bam.bai
24PC0821_016,/mnt/data20tb/NIPT_IONTOR_PHUONGCHAU/NIPTorrent/ref3_results/mapped/24PC0821_016.bam,/mnt/data20tb/NIPT_IONTOR_PHUONGCHAU/NIPTorrent/ref3_results/mapped/24PC0821_016.bam.bai
24PC0822_017,/mnt/data20tb/NIPT_IONTOR_PHUONGCHAU/NIPTorrent/ref3_results/mapped/24PC0822_017.bam,/mnt/data20tb/NIPT_IONTOR_PHUONGCHAU/NIPTorrent/ref3_results/mapped/24PC0822_017.bam.bai
24PC0823_019,/mnt/data20tb/NIPT_IONTOR_PHUONGCHAU/NIPTorrent/ref3_results/mapped/24PC0823_019.bam,/mnt/data20tb/NIPT_IONTOR_PHUONGCHAU/NIPTorrent/ref3_results/mapped/24PC0823_019.bam.bai
24PC0824_020,/mnt/data20tb/NIPT_IONTOR_PHUONGCHAU/NIPTorrent/ref3_results/mapped/24PC0824_020.bam,/mnt/data20tb/NIPT_IONTOR_PHUONGCHAU/NIPTorrent/ref3_results/mapped/24PC0824_020.bam.bai
24PC0825_021,/mnt/data20tb/NIPT_IONTOR_PHUONGCHAU/NIPTorrent/ref3_results/mapped/24PC0825_021.bam,/mnt/data20tb/NIPT_IONTOR_PHUONGCHAU/NIPTorrent/ref3_results/mapped/24PC0825_021.bam.bai
24PC0827_041,/mnt/data20tb/NIPT_IONTOR_PHUONGCHAU/NIPTorrent/ref3_results/mapped/24PC0827_041.bam,/mnt/data20tb/NIPT_IONTOR_PHUONGCHAU/NIPTorrent/ref3_results/mapped/24PC0827_041.bam.bai
24PC0828_042,/mnt/data20tb/NIPT_IONTOR_PHUONGCHAU/NIPTorrent/ref3_results/mapped/24PC0828_042.bam,/mnt/data20tb/NIPT_IONTOR_PHUONGCHAU/NIPTorrent/ref3_results/mapped/24PC0828_042.bam.bai
24PC0829_025,/mnt/data20tb/NIPT_IONTOR_PHUONGCHAU/NIPTorrent/ref3_results/mapped/24PC0829_025.bam,/mnt/data20tb/NIPT_IONTOR_PHUONGCHAU/NIPTorrent/ref3_results/mapped/24PC0829_025.bam.bai
24PC0831_029,/mnt/data20tb/NIPT_IONTOR_PHUONGCHAU/NIPTorrent/ref3_results/mapped/24PC0831_029.bam,/mnt/data20tb/NIPT_IONTOR_PHUONGCHAU/NIPTorrent/ref3_results/mapped/24PC0831_029.bam.bai
24PC0832_030,/mnt/data20tb/NIPT_IONTOR_PHUONGCHAU/NIPTorrent/ref3_results/mapped/24PC0832_030.bam,/mnt/data20tb/NIPT_IONTOR_PHUONGCHAU/NIPTorrent/ref3_results/mapped/24PC0832_030.bam.bai
24PC0833_031,/mnt/data20tb/NIPT_IONTOR_PHUONGCHAU/NIPTorrent/ref3_results/mapped/24PC0833_031.bam,/mnt/data20tb/NIPT_IONTOR_PHUONGCHAU/NIPTorrent/ref3_results/mapped/24PC0833_031.bam.bai
24PC0834_032,/mnt/data20tb/NIPT_IONTOR_PHUONGCHAU/NIPTorrent/ref3_results/mapped/24PC0834_032.bam,/mnt/data20tb/NIPT_IONTOR_PHUONGCHAU/NIPTorrent/ref3_results/mapped/24PC0834_032.bam.bai
24PC0835_033,/mnt/data20tb/NIPT_IONTOR_PHUONGCHAU/NIPTorrent/ref3_results/mapped/24PC0835_033.bam,/mnt/data20tb/NIPT_IONTOR_PHUONGCHAU/NIPTorrent/ref3_results/mapped/24PC0835_033.bam.bai
24PC0838_044,/mnt/data20tb/NIPT_IONTOR_PHUONGCHAU/NIPTorrent/ref3_results/mapped/24PC0838_044.bam,/mnt/data20tb/NIPT_IONTOR_PHUONGCHAU/NIPTorrent/ref3_results/mapped/24PC0838_044.bam.bai
24PC0840_046,/mnt/data20tb/NIPT_IONTOR_PHUONGCHAU/NIPTorrent/ref3_results/mapped/24PC0840_046.bam,/mnt/data20tb/NIPT_IONTOR_PHUONGCHAU/NIPTorrent/ref3_results/mapped/24PC0840_046.bam.bai
24PC0842_048,/mnt/data20tb/NIPT_IONTOR_PHUONGCHAU/NIPTorrent/ref3_results/mapped/24PC0842_048.bam,/mnt/data20tb/NIPT_IONTOR_PHUONGCHAU/NIPTorrent/ref3_results/mapped/24PC0842_048.bam.bai
24PC0844_002,/mnt/data20tb/NIPT_IONTOR_PHUONGCHAU/NIPTorrent/ref3_results/mapped/24PC0844_002.bam,/mnt/data20tb/NIPT_IONTOR_PHUONGCHAU/NIPTorrent/ref3_results/mapped/24PC0844_002.bam.bai
24PC0845_003,/mnt/data20tb/NIPT_IONTOR_PHUONGCHAU/NIPTorrent/ref3_results/mapped/24PC0845_003.bam,/mnt/data20tb/NIPT_IONTOR_PHUONGCHAU/NIPTorrent/ref3_results/mapped/24PC0845_003.bam.bai
24PC0846_004,/mnt/data20tb/NIPT_IONTOR_PHUONGCHAU/NIPTorrent/ref3_results/mapped/24PC0846_004.bam,/mnt/data20tb/NIPT_IONTOR_PHUONGCHAU/NIPTorrent/ref3_results/mapped/24PC0846_004.bam.bai
24PC0847_005,/mnt/data20tb/NIPT_IONTOR_PHUONGCHAU/NIPTorrent/ref3_results/mapped/24PC0847_005.bam,/mnt/data20tb/NIPT_IONTOR_PHUONGCHAU/NIPTorrent/ref3_results/mapped/24PC0847_005.bam.bai
24PC0848_006,/mnt/data20tb/NIPT_IONTOR_PHUONGCHAU/NIPTorrent/ref3_results/mapped/24PC0848_006.bam,/mnt/data20tb/NIPT_IONTOR_PHUONGCHAU/NIPTorrent/ref3_results/mapped/24PC0848_006.bam.bai
24PC0851_007,/mnt/data20tb/NIPT_IONTOR_PHUONGCHAU/NIPTorrent/ref3_results/mapped/24PC0851_007.bam,/mnt/data20tb/NIPT_IONTOR_PHUONGCHAU/NIPTorrent/ref3_results/mapped/24PC0851_007.bam.bai
24PC0852_010,/mnt/data20tb/NIPT_IONTOR_PHUONGCHAU/NIPTorrent/ref3_results/mapped/24PC0852_010.bam,/mnt/data20tb/NIPT_IONTOR_PHUONGCHAU/NIPTorrent/ref3_results/mapped/24PC0852_010.bam.bai
24PC0853_011,/mnt/data20tb/NIPT_IONTOR_PHUONGCHAU/NIPTorrent/ref3_results/mapped/24PC0853_011.bam,/mnt/data20tb/NIPT_IONTOR_PHUONGCHAU/NIPTorrent/ref3_results/mapped/24PC0853_011.bam.bai
24PC0854_012,/mnt/data20tb/NIPT_IONTOR_PHUONGCHAU/NIPTorrent/ref3_results/mapped/24PC0854_012.bam,/mnt/data20tb/NIPT_IONTOR_PHUONGCHAU/NIPTorrent/ref3_results/mapped/24PC0854_012.bam.bai
24PC0855_013,/mnt/data20tb/NIPT_IONTOR_PHUONGCHAU/NIPTorrent/ref3_results/mapped/24PC0855_013.bam,/mnt/data20tb/NIPT_IONTOR_PHUONGCHAU/NIPTorrent/ref3_results/mapped/24PC0855_013.bam.bai
24PC0856_013,/mnt/data20tb/NIPT_IONTOR_PHUONGCHAU/NIPTorrent/ref3_results/mapped/24PC0856_013.bam,/mnt/data20tb/NIPT_IONTOR_PHUONGCHAU/NIPTorrent/ref3_results/mapped/24PC0856_013.bam.bai
24PC0858_016,/mnt/data20tb/NIPT_IONTOR_PHUONGCHAU/NIPTorrent/ref3_results/mapped/24PC0858_016.bam,/mnt/data20tb/NIPT_IONTOR_PHUONGCHAU/NIPTorrent/ref3_results/mapped/24PC0858_016.bam.bai
24PC0859_017,/mnt/data20tb/NIPT_IONTOR_PHUONGCHAU/NIPTorrent/ref3_results/mapped/24PC0859_017.bam,/mnt/data20tb/NIPT_IONTOR_PHUONGCHAU/NIPTorrent/ref3_results/mapped/24PC0859_017.bam.bai
24PC0861_020,/mnt/data20tb/NIPT_IONTOR_PHUONGCHAU/NIPTorrent/ref3_results/mapped/24PC0861_020.bam,/mnt/data20tb/NIPT_IONTOR_PHUONGCHAU/NIPTorrent/ref3_results/mapped/24PC0861_020.bam.bai
24PC0862_021,/mnt/data20tb/NIPT_IONTOR_PHUONGCHAU/NIPTorrent/ref3_results/mapped/24PC0862_021.bam,/mnt/data20tb/NIPT_IONTOR_PHUONGCHAU/NIPTorrent/ref3_results/mapped/24PC0862_021.bam.bai
24PC0863_022,/mnt/data20tb/NIPT_IONTOR_PHUONGCHAU/NIPTorrent/ref3_results/mapped/24PC0863_022.bam,/mnt/data20tb/NIPT_IONTOR_PHUONGCHAU/NIPTorrent/ref3_results/mapped/24PC0863_022.bam.bai
24PC0864_023,/mnt/data20tb/NIPT_IONTOR_PHUONGCHAU/NIPTorrent/ref3_results/mapped/24PC0864_023.bam,/mnt/data20tb/NIPT_IONTOR_PHUONGCHAU/NIPTorrent/ref3_results/mapped/24PC0864_023.bam.bai
24PC0865_024,/mnt/data20tb/NIPT_IONTOR_PHUONGCHAU/NIPTorrent/ref3_results/mapped/24PC0865_024.bam,/mnt/data20tb/NIPT_IONTOR_PHUONGCHAU/NIPTorrent/ref3_results/mapped/24PC0865_024.bam.bai
24PC0867_026,/mnt/data20tb/NIPT_IONTOR_PHUONGCHAU/NIPTorrent/ref3_results/mapped/24PC0867_026.bam,/mnt/data20tb/NIPT_IONTOR_PHUONGCHAU/NIPTorrent/ref3_results/mapped/24PC0867_026.bam.bai
24PC0868_027,/mnt/data20tb/NIPT_IONTOR_PHUONGCHAU/NIPTorrent/ref3_results/mapped/24PC0868_027.bam,/mnt/data20tb/NIPT_IONTOR_PHUONGCHAU/NIPTorrent/ref3_results/mapped/24PC0868_027.bam.bai
24PC0869_012,/mnt/data20tb/NIPT_IONTOR_PHUONGCHAU/NIPTorrent/ref3_results/mapped/24PC0869_012.bam,/mnt/data20tb/NIPT_IONTOR_PHUONGCHAU/NIPTorrent/ref3_results/mapped/24PC0869_012.bam.bai
24PC0870_031,/mnt/data20tb/NIPT_IONTOR_PHUONGCHAU/NIPTorrent/ref3_results/mapped/24PC0870_031.bam,/mnt/data20tb/NIPT_IONTOR_PHUONGCHAU/NIPTorrent/ref3_results/mapped/24PC0870_031.bam.bai
24PC0871_032,/mnt/data20tb/NIPT_IONTOR_PHUONGCHAU/NIPTorrent/ref3_results/mapped/24PC0871_032.bam,/mnt/data20tb/NIPT_IONTOR_PHUONGCHAU/NIPTorrent/ref3_results/mapped/24PC0871_032.bam.bai
24PC0872_033,/mnt/data20tb/NIPT_IONTOR_PHUONGCHAU/NIPTorrent/ref3_results/mapped/24PC0872_033.bam,/mnt/data20tb/NIPT_IONTOR_PHUONGCHAU/NIPTorrent/ref3_results/mapped/24PC0872_033.bam.bai
24PC0873_034,/mnt/data20tb/NIPT_IONTOR_PHUONGCHAU/NIPTorrent/ref3_results/mapped/24PC0873_034.bam,/mnt/data20tb/NIPT_IONTOR_PHUONGCHAU/NIPTorrent/ref3_results/mapped/24PC0873_034.bam.bai
24PC0874_035,/mnt/data20tb/NIPT_IONTOR_PHUONGCHAU/NIPTorrent/ref3_results/mapped/24PC0874_035.bam,/mnt/data20tb/NIPT_IONTOR_PHUONGCHAU/NIPTorrent/ref3_results/mapped/24PC0874_035.bam.bai
24PC0875_036,/mnt/data20tb/NIPT_IONTOR_PHUONGCHAU/NIPTorrent/ref3_results/mapped/24PC0875_036.bam,/mnt/data20tb/NIPT_IONTOR_PHUONGCHAU/NIPTorrent/ref3_results/mapped/24PC0875_036.bam.bai
24PC0876_037,/mnt/data20tb/NIPT_IONTOR_PHUONGCHAU/NIPTorrent/ref3_results/mapped/24PC0876_037.bam,/mnt/data20tb/NIPT_IONTOR_PHUONGCHAU/NIPTorrent/ref3_results/mapped/24PC0876_037.bam.bai
24PC0877_038,/mnt/data20tb/NIPT_IONTOR_PHUONGCHAU/NIPTorrent/ref3_results/mapped/24PC0877_038.bam,/mnt/data20tb/NIPT_IONTOR_PHUONGCHAU/NIPTorrent/ref3_results/mapped/24PC0877_038.bam.bai
24PC0878_039,/mnt/data20tb/NIPT_IONTOR_PHUONGCHAU/NIPTorrent/ref3_results/mapped/24PC0878_039.bam,/mnt/data20tb/NIPT_IONTOR_PHUONGCHAU/NIPTorrent/ref3_results/mapped/24PC0878_039.bam.bai
24PC0879_040,/mnt/data20tb/NIPT_IONTOR_PHUONGCHAU/NIPTorrent/ref3_results/mapped/24PC0879_040.bam,/mnt/data20tb/NIPT_IONTOR_PHUONGCHAU/NIPTorrent/ref3_results/mapped/24PC0879_040.bam.bai
24PC0880_041,/mnt/data20tb/NIPT_IONTOR_PHUONGCHAU/NIPTorrent/ref3_results/mapped/24PC0880_041.bam,/mnt/data20tb/NIPT_IONTOR_PHUONGCHAU/NIPTorrent/ref3_results/mapped/24PC0880_041.bam.bai
24PC0881_042,/mnt/data20tb/NIPT_IONTOR_PHUONGCHAU/NIPTorrent/ref3_results/mapped/24PC0881_042.bam,/mnt/data20tb/NIPT_IONTOR_PHUONGCHAU/NIPTorrent/ref3_results/mapped/24PC0881_042.bam.bai
24PC0882_043,/mnt/data20tb/NIPT_IONTOR_PHUONGCHAU/NIPTorrent/ref3_results/mapped/24PC0882_043.bam,/mnt/data20tb/NIPT_IONTOR_PHUONGCHAU/NIPTorrent/ref3_results/mapped/24PC0882_043.bam.bai
24PC0883_044,/mnt/data20tb/NIPT_IONTOR_PHUONGCHAU/NIPTorrent/ref3_results/mapped/24PC0883_044.bam,/mnt/data20tb/NIPT_IONTOR_PHUONGCHAU/NIPTorrent/ref3_results/mapped/24PC0883_044.bam.bai
24PC0884_045,/mnt/data20tb/NIPT_IONTOR_PHUONGCHAU/NIPTorrent/ref3_results/mapped/24PC0884_045.bam,/mnt/data20tb/NIPT_IONTOR_PHUONGCHAU/NIPTorrent/ref3_results/mapped/24PC0884_045.bam.bai
24PC0885_046,/mnt/data20tb/NIPT_IONTOR_PHUONGCHAU/NIPTorrent/ref3_results/mapped/24PC0885_046.bam,/mnt/data20tb/NIPT_IONTOR_PHUONGCHAU/NIPTorrent/ref3_results/mapped/24PC0885_046.bam.bai
24PC0887_048,/mnt/data20tb/NIPT_IONTOR_PHUONGCHAU/NIPTorrent/ref3_results/mapped/24PC0887_048.bam,/mnt/data20tb/NIPT_IONTOR_PHUONGCHAU/NIPTorrent/ref3_results/mapped/24PC0887_048.bam.bai
24PC0888_001,/mnt/data20tb/NIPT_IONTOR_PHUONGCHAU/NIPTorrent/ref3_results/mapped/24PC0888_001.bam,/mnt/data20tb/NIPT_IONTOR_PHUONGCHAU/NIPTorrent/ref3_results/mapped/24PC0888_001.bam.bai
24PC0889_002,/mnt/data20tb/NIPT_IONTOR_PHUONGCHAU/NIPTorrent/ref3_results/mapped/24PC0889_002.bam,/mnt/data20tb/NIPT_IONTOR_PHUONGCHAU/NIPTorrent/ref3_results/mapped/24PC0889_002.bam.bai
24PC0890_003,/mnt/data20tb/NIPT_IONTOR_PHUONGCHAU/NIPTorrent/ref3_results/mapped/24PC0890_003.bam,/mnt/data20tb/NIPT_IONTOR_PHUONGCHAU/NIPTorrent/ref3_results/mapped/24PC0890_003.bam.bai
24PC0892_009,/mnt/data20tb/NIPT_IONTOR_PHUONGCHAU/NIPTorrent/ref3_results/mapped/24PC0892_009.bam,/mnt/data20tb/NIPT_IONTOR_PHUONGCHAU/NIPTorrent/ref3_results/mapped/24PC0892_009.bam.bai
24PC0893_014,/mnt/data20tb/NIPT_IONTOR_PHUONGCHAU/NIPTorrent/ref3_results/mapped/24PC0893_014.bam,/mnt/data20tb/NIPT_IONTOR_PHUONGCHAU/NIPTorrent/ref3_results/mapped/24PC0893_014.bam.bai
24PC0894_005,/mnt/data20tb/NIPT_IONTOR_PHUONGCHAU/NIPTorrent/ref3_results/mapped/24PC0894_005.bam,/mnt/data20tb/NIPT_IONTOR_PHUONGCHAU/NIPTorrent/ref3_results/mapped/24PC0894_005.bam.bai
24PC0896_009,/mnt/data20tb/NIPT_IONTOR_PHUONGCHAU/NIPTorrent/ref3_results/mapped/24PC0896_009.bam,/mnt/data20tb/NIPT_IONTOR_PHUONGCHAU/NIPTorrent/ref3_results/mapped/24PC0896_009.bam.bai
24PC0897_008,/mnt/data20tb/NIPT_IONTOR_PHUONGCHAU/NIPTorrent/ref3_results/mapped/24PC0897_008.bam,/mnt/data20tb/NIPT_IONTOR_PHUONGCHAU/NIPTorrent/ref3_results/mapped/24PC0897_008.bam.bai
24PC0898_014,/mnt/data20tb/NIPT_IONTOR_PHUONGCHAU/NIPTorrent/ref3_results/mapped/24PC0898_014.bam,/mnt/data20tb/NIPT_IONTOR_PHUONGCHAU/NIPTorrent/ref3_results/mapped/24PC0898_014.bam.bai
24PC0899_015,/mnt/data20tb/NIPT_IONTOR_PHUONGCHAU/NIPTorrent/ref3_results/mapped/24PC0899_015.bam,/mnt/data20tb/NIPT_IONTOR_PHUONGCHAU/NIPTorrent/ref3_results/mapped/24PC0899_015.bam.bai
24PC0901_017,/mnt/data20tb/NIPT_IONTOR_PHUONGCHAU/NIPTorrent/ref3_results/mapped/24PC0901_017.bam,/mnt/data20tb/NIPT_IONTOR_PHUONGCHAU/NIPTorrent/ref3_results/mapped/24PC0901_017.bam.bai
24PC0902_019,/mnt/data20tb/NIPT_IONTOR_PHUONGCHAU/NIPTorrent/ref3_results/mapped/24PC0902_019.bam,/mnt/data20tb/NIPT_IONTOR_PHUONGCHAU/NIPTorrent/ref3_results/mapped/24PC0902_019.bam.bai
24PC0903_011,/mnt/data20tb/NIPT_IONTOR_PHUONGCHAU/NIPTorrent/ref3_results/mapped/24PC0903_011.bam,/mnt/data20tb/NIPT_IONTOR_PHUONGCHAU/NIPTorrent/ref3_results/mapped/24PC0903_011.bam.bai
24PC0904_020,/mnt/data20tb/NIPT_IONTOR_PHUONGCHAU/NIPTorrent/ref3_results/mapped/24PC0904_020.bam,/mnt/data20tb/NIPT_IONTOR_PHUONGCHAU/NIPTorrent/ref3_results/mapped/24PC0904_020.bam.bai
24PC0905_021,/mnt/data20tb/NIPT_IONTOR_PHUONGCHAU/NIPTorrent/ref3_results/mapped/24PC0905_021.bam,/mnt/data20tb/NIPT_IONTOR_PHUONGCHAU/NIPTorrent/ref3_results/mapped/24PC0905_021.bam.bai
24PC0906_022,/mnt/data20tb/NIPT_IONTOR_PHUONGCHAU/NIPTorrent/ref3_results/mapped/24PC0906_022.bam,/mnt/data20tb/NIPT_IONTOR_PHUONGCHAU/NIPTorrent/ref3_results/mapped/24PC0906_022.bam.bai
24PC0907_023,/mnt/data20tb/NIPT_IONTOR_PHUONGCHAU/NIPTorrent/ref3_results/mapped/24PC0907_023.bam,/mnt/data20tb/NIPT_IONTOR_PHUONGCHAU/NIPTorrent/ref3_results/mapped/24PC0907_023.bam.bai
24PC0908_024,/mnt/data20tb/NIPT_IONTOR_PHUONGCHAU/NIPTorrent/ref3_results/mapped/24PC0908_024.bam,/mnt/data20tb/NIPT_IONTOR_PHUONGCHAU/NIPTorrent/ref3_results/mapped/24PC0908_024.bam.bai
24PC0909_025,/mnt/data20tb/NIPT_IONTOR_PHUONGCHAU/NIPTorrent/ref3_results/mapped/24PC0909_025.bam,/mnt/data20tb/NIPT_IONTOR_PHUONGCHAU/NIPTorrent/ref3_results/mapped/24PC0909_025.bam.bai
24PC0912_028,/mnt/data20tb/NIPT_IONTOR_PHUONGCHAU/NIPTorrent/ref3_results/mapped/24PC0912_028.bam,/mnt/data20tb/NIPT_IONTOR_PHUONGCHAU/NIPTorrent/ref3_results/mapped/24PC0912_028.bam.bai
24PC0913_029,/mnt/data20tb/NIPT_IONTOR_PHUONGCHAU/NIPTorrent/ref3_results/mapped/24PC0913_029.bam,/mnt/data20tb/NIPT_IONTOR_PHUONGCHAU/NIPTorrent/ref3_results/mapped/24PC0913_029.bam.bai
24PC0915_031,/mnt/data20tb/NIPT_IONTOR_PHUONGCHAU/NIPTorrent/ref3_results/mapped/24PC0915_031.bam,/mnt/data20tb/NIPT_IONTOR_PHUONGCHAU/NIPTorrent/ref3_results/mapped/24PC0915_031.bam.bai
24PC0917_033,/mnt/data20tb/NIPT_IONTOR_PHUONGCHAU/NIPTorrent/ref3_results/mapped/24PC0917_033.bam,/mnt/data20tb/NIPT_IONTOR_PHUONGCHAU/NIPTorrent/ref3_results/mapped/24PC0917_033.bam.bai
24PC0918_034,/mnt/data20tb/NIPT_IONTOR_PHUONGCHAU/NIPTorrent/ref3_results/mapped/24PC0918_034.bam,/mnt/data20tb/NIPT_IONTOR_PHUONGCHAU/NIPTorrent/ref3_results/mapped/24PC0918_034.bam.bai
24PC0919_035,/mnt/data20tb/NIPT_IONTOR_PHUONGCHAU/NIPTorrent/ref3_results/mapped/24PC0919_035.bam,/mnt/data20tb/NIPT_IONTOR_PHUONGCHAU/NIPTorrent/ref3_results/mapped/24PC0919_035.bam.bai
24PC0920_036,/mnt/data20tb/NIPT_IONTOR_PHUONGCHAU/NIPTorrent/ref3_results/mapped/24PC0920_036.bam,/mnt/data20tb/NIPT_IONTOR_PHUONGCHAU/NIPTorrent/ref3_results/mapped/24PC0920_036.bam.bai
24PC0921_037,/mnt/data20tb/NIPT_IONTOR_PHUONGCHAU/NIPTorrent/ref3_results/mapped/24PC0921_037.bam,/mnt/data20tb/NIPT_IONTOR_PHUONGCHAU/NIPTorrent/ref3_results/mapped/24PC0921_037.bam.bai
24PC0923_039,/mnt/data20tb/NIPT_IONTOR_PHUONGCHAU/NIPTorrent/ref3_results/mapped/24PC0923_039.bam,/mnt/data20tb/NIPT_IONTOR_PHUONGCHAU/NIPTorrent/ref3_results/mapped/24PC0923_039.bam.bai
24PC0925_041,/mnt/data20tb/NIPT_IONTOR_PHUONGCHAU/NIPTorrent/ref3_results/mapped/24PC0925_041.bam,/mnt/data20tb/NIPT_IONTOR_PHUONGCHAU/NIPTorrent/ref3_results/mapped/24PC0925_041.bam.bai
24PC0927_043,/mnt/data20tb/NIPT_IONTOR_PHUONGCHAU/NIPTorrent/ref3_results/mapped/24PC0927_043.bam,/mnt/data20tb/NIPT_IONTOR_PHUONGCHAU/NIPTorrent/ref3_results/mapped/24PC0927_043.bam.bai
24PC0928_044,/mnt/data20tb/NIPT_IONTOR_PHUONGCHAU/NIPTorrent/ref3_results/mapped/24PC0928_044.bam,/mnt/data20tb/NIPT_IONTOR_PHUONGCHAU/NIPTorrent/ref3_results/mapped/24PC0928_044.bam.bai
24PC0929_045,/mnt/data20tb/NIPT_IONTOR_PHUONGCHAU/NIPTorrent/ref3_results/mapped/24PC0929_045.bam,/mnt/data20tb/NIPT_IONTOR_PHUONGCHAU/NIPTorrent/ref3_results/mapped/24PC0929_045.bam.bai
24PC0932_048,/mnt/data20tb/NIPT_IONTOR_PHUONGCHAU/NIPTorrent/ref3_results/mapped/24PC0932_048.bam,/mnt/data20tb/NIPT_IONTOR_PHUONGCHAU/NIPTorrent/ref3_results/mapped/24PC0932_048.bam.bai
24PC0933_001,/mnt/data20tb/NIPT_IONTOR_PHUONGCHAU/NIPTorrent/ref3_results/mapped/24PC0933_001.bam,/mnt/data20tb/NIPT_IONTOR_PHUONGCHAU/NIPTorrent/ref3_results/mapped/24PC0933_001.bam.bai
24PC0935_003,/mnt/data20tb/NIPT_IONTOR_PHUONGCHAU/NIPTorrent/ref3_results/mapped/24PC0935_003.bam,/mnt/data20tb/NIPT_IONTOR_PHUONGCHAU/NIPTorrent/ref3_results/mapped/24PC0935_003.bam.bai
24PC0936_005,/mnt/data20tb/NIPT_IONTOR_PHUONGCHAU/NIPTorrent/ref3_results/mapped/24PC0936_005.bam,/mnt/data20tb/NIPT_IONTOR_PHUONGCHAU/NIPTorrent/ref3_results/mapped/24PC0936_005.bam.bai
24PC0937_006,/mnt/data20tb/NIPT_IONTOR_PHUONGCHAU/NIPTorrent/ref3_results/mapped/24PC0937_006.bam,/mnt/data20tb/NIPT_IONTOR_PHUONGCHAU/NIPTorrent/ref3_results/mapped/24PC0937_006.bam.bai
24PC0939_008,/mnt/data20tb/NIPT_IONTOR_PHUONGCHAU/NIPTorrent/ref3_results/mapped/24PC0939_008.bam,/mnt/data20tb/NIPT_IONTOR_PHUONGCHAU/NIPTorrent/ref3_results/mapped/24PC0939_008.bam.bai
24PC0940_009,/mnt/data20tb/NIPT_IONTOR_PHUONGCHAU/NIPTorrent/ref3_results/mapped/24PC0940_009.bam,/mnt/data20tb/NIPT_IONTOR_PHUONGCHAU/NIPTorrent/ref3_results/mapped/24PC0940_009.bam.bai
24PC0941_010,/mnt/data20tb/NIPT_IONTOR_PHUONGCHAU/NIPTorrent/ref3_results/mapped/24PC0941_010.bam,/mnt/data20tb/NIPT_IONTOR_PHUONGCHAU/NIPTorrent/ref3_results/mapped/24PC0941_010.bam.bai
24PC0942_011,/mnt/data20tb/NIPT_IONTOR_PHUONGCHAU/NIPTorrent/ref3_results/mapped/24PC0942_011.bam,/mnt/data20tb/NIPT_IONTOR_PHUONGCHAU/NIPTorrent/ref3_results/mapped/24PC0942_011.bam.bai
24PC0943_012,/mnt/data20tb/NIPT_IONTOR_PHUONGCHAU/NIPTorrent/ref3_results/mapped/24PC0943_012.bam,/mnt/data20tb/NIPT_IONTOR_PHUONGCHAU/NIPTorrent/ref3_results/mapped/24PC0943_012.bam.bai
24PC0944_013,/mnt/data20tb/NIPT_IONTOR_PHUONGCHAU/NIPTorrent/ref3_results/mapped/24PC0944_013.bam,/mnt/data20tb/NIPT_IONTOR_PHUONGCHAU/NIPTorrent/ref3_results/mapped/24PC0944_013.bam.bai
24PC0945_014,/mnt/data20tb/NIPT_IONTOR_PHUONGCHAU/NIPTorrent/ref3_results/mapped/24PC0945_014.bam,/mnt/data20tb/NIPT_IONTOR_PHUONGCHAU/NIPTorrent/ref3_results/mapped/24PC0945_014.bam.bai
24PC0947_016,/mnt/data20tb/NIPT_IONTOR_PHUONGCHAU/NIPTorrent/ref3_results/mapped/24PC0947_016.bam,/mnt/data20tb/NIPT_IONTOR_PHUONGCHAU/NIPTorrent/ref3_results/mapped/24PC0947_016.bam.bai
24PC0948_017,/mnt/data20tb/NIPT_IONTOR_PHUONGCHAU/NIPTorrent/ref3_results/mapped/24PC0948_017.bam,/mnt/data20tb/NIPT_IONTOR_PHUONGCHAU/NIPTorrent/ref3_results/mapped/24PC0948_017.bam.bai
24PC0950_020,/mnt/data20tb/NIPT_IONTOR_PHUONGCHAU/NIPTorrent/ref3_results/mapped/24PC0950_020.bam,/mnt/data20tb/NIPT_IONTOR_PHUONGCHAU/NIPTorrent/ref3_results/mapped/24PC0950_020.bam.bai
24PC0951_021,/mnt/data20tb/NIPT_IONTOR_PHUONGCHAU/NIPTorrent/ref3_results/mapped/24PC0951_021.bam,/mnt/data20tb/NIPT_IONTOR_PHUONGCHAU/NIPTorrent/ref3_results/mapped/24PC0951_021.bam.bai
24PC0952_022,/mnt/data20tb/NIPT_IONTOR_PHUONGCHAU/NIPTorrent/ref3_results/mapped/24PC0952_022.bam,/mnt/data20tb/NIPT_IONTOR_PHUONGCHAU/NIPTorrent/ref3_results/mapped/24PC0952_022.bam.bai
24PC0953_023,/mnt/data20tb/NIPT_IONTOR_PHUONGCHAU/NIPTorrent/ref3_results/mapped/24PC0953_023.bam,/mnt/data20tb/NIPT_IONTOR_PHUONGCHAU/NIPTorrent/ref3_results/mapped/24PC0953_023.bam.bai
24PC0954_024,/mnt/data20tb/NIPT_IONTOR_PHUONGCHAU/NIPTorrent/ref3_results/mapped/24PC0954_024.bam,/mnt/data20tb/NIPT_IONTOR_PHUONGCHAU/NIPTorrent/ref3_results/mapped/24PC0954_024.bam.bai
24PC0955_025,/mnt/data20tb/NIPT_IONTOR_PHUONGCHAU/NIPTorrent/ref3_results/mapped/24PC0955_025.bam,/mnt/data20tb/NIPT_IONTOR_PHUONGCHAU/NIPTorrent/ref3_results/mapped/24PC0955_025.bam.bai
24PC0956_031,/mnt/data20tb/NIPT_IONTOR_PHUONGCHAU/NIPTorrent/ref3_results/mapped/24PC0956_031.bam,/mnt/data20tb/NIPT_IONTOR_PHUONGCHAU/NIPTorrent/ref3_results/mapped/24PC0956_031.bam.bai
24PC0957_032,/mnt/data20tb/NIPT_IONTOR_PHUONGCHAU/NIPTorrent/ref3_results/mapped/24PC0957_032.bam,/mnt/data20tb/NIPT_IONTOR_PHUONGCHAU/NIPTorrent/ref3_results/mapped/24PC0957_032.bam.bai
24PC0958_033,/mnt/data20tb/NIPT_IONTOR_PHUONGCHAU/NIPTorrent/ref3_results/mapped/24PC0958_033.bam,/mnt/data20tb/NIPT_IONTOR_PHUONGCHAU/NIPTorrent/ref3_results/mapped/24PC0958_033.bam.bai
24PC0959_034,/mnt/data20tb/NIPT_IONTOR_PHUONGCHAU/NIPTorrent/ref3_results/mapped/24PC0959_034.bam,/mnt/data20tb/NIPT_IONTOR_PHUONGCHAU/NIPTorrent/ref3_results/mapped/24PC0959_034.bam.bai
24PC0960_035,/mnt/data20tb/NIPT_IONTOR_PHUONGCHAU/NIPTorrent/ref3_results/mapped/24PC0960_035.bam,/mnt/data20tb/NIPT_IONTOR_PHUONGCHAU/NIPTorrent/ref3_results/mapped/24PC0960_035.bam.bai
24PC0961_036,/mnt/data20tb/NIPT_IONTOR_PHUONGCHAU/NIPTorrent/ref3_results/mapped/24PC0961_036.bam,/mnt/data20tb/NIPT_IONTOR_PHUONGCHAU/NIPTorrent/ref3_results/mapped/24PC0961_036.bam.bai
24PC0962_037,/mnt/data20tb/NIPT_IONTOR_PHUONGCHAU/NIPTorrent/ref3_results/mapped/24PC0962_037.bam,/mnt/data20tb/NIPT_IONTOR_PHUONGCHAU/NIPTorrent/ref3_results/mapped/24PC0962_037.bam.bai
24PC0963_038,/mnt/data20tb/NIPT_IONTOR_PHUONGCHAU/NIPTorrent/ref3_results/mapped/24PC0963_038.bam,/mnt/data20tb/NIPT_IONTOR_PHUONGCHAU/NIPTorrent/ref3_results/mapped/24PC0963_038.bam.bai
24PC0964_039,/mnt/data20tb/NIPT_IONTOR_PHUONGCHAU/NIPTorrent/ref3_results/mapped/24PC0964_039.bam,/mnt/data20tb/NIPT_IONTOR_PHUONGCHAU/NIPTorrent/ref3_results/mapped/24PC0964_039.bam.bai
24PC0965_040,/mnt/data20tb/NIPT_IONTOR_PHUONGCHAU/NIPTorrent/ref3_results/mapped/24PC0965_040.bam,/mnt/data20tb/NIPT_IONTOR_PHUONGCHAU/NIPTorrent/ref3_results/mapped/24PC0965_040.bam.bai
24PC0967_042,/mnt/data20tb/NIPT_IONTOR_PHUONGCHAU/NIPTorrent/ref3_results/mapped/24PC0967_042.bam,/mnt/data20tb/NIPT_IONTOR_PHUONGCHAU/NIPTorrent/ref3_results/mapped/24PC0967_042.bam.bai
24PC0968_043,/mnt/data20tb/NIPT_IONTOR_PHUONGCHAU/NIPTorrent/ref3_results/mapped/24PC0968_043.bam,/mnt/data20tb/NIPT_IONTOR_PHUONGCHAU/NIPTorrent/ref3_results/mapped/24PC0968_043.bam.bai
24PC0969_044,/mnt/data20tb/NIPT_IONTOR_PHUONGCHAU/NIPTorrent/ref3_results/mapped/24PC0969_044.bam,/mnt/data20tb/NIPT_IONTOR_PHUONGCHAU/NIPTorrent/ref3_results/mapped/24PC0969_044.bam.bai
24PC0970_047,/mnt/data20tb/NIPT_IONTOR_PHUONGCHAU/NIPTorrent/ref3_results/mapped/24PC0970_047.bam,/mnt/data20tb/NIPT_IONTOR_PHUONGCHAU/NIPTorrent/ref3_results/mapped/24PC0970_047.bam.bai
24PC0971_046,/mnt/data20tb/NIPT_IONTOR_PHUONGCHAU/NIPTorrent/ref3_results/mapped/24PC0971_046.bam,/mnt/data20tb/NIPT_IONTOR_PHUONGCHAU/NIPTorrent/ref3_results/mapped/24PC0971_046.bam.bai
24PC0974_001,/mnt/data20tb/NIPT_IONTOR_PHUONGCHAU/NIPTorrent/ref3_results/mapped/24PC0974_001.bam,/mnt/data20tb/NIPT_IONTOR_PHUONGCHAU/NIPTorrent/ref3_results/mapped/24PC0974_001.bam.bai
24PC0975_002,/mnt/data20tb/NIPT_IONTOR_PHUONGCHAU/NIPTorrent/ref3_results/mapped/24PC0975_002.bam,/mnt/data20tb/NIPT_IONTOR_PHUONGCHAU/NIPTorrent/ref3_results/mapped/24PC0975_002.bam.bai
24PC0976_003,/mnt/data20tb/NIPT_IONTOR_PHUONGCHAU/NIPTorrent/ref3_results/mapped/24PC0976_003.bam,/mnt/data20tb/NIPT_IONTOR_PHUONGCHAU/NIPTorrent/ref3_results/mapped/24PC0976_003.bam.bai
24PC0977_004,/mnt/data20tb/NIPT_IONTOR_PHUONGCHAU/NIPTorrent/ref3_results/mapped/24PC0977_004.bam,/mnt/data20tb/NIPT_IONTOR_PHUONGCHAU/NIPTorrent/ref3_results/mapped/24PC0977_004.bam.bai
24PC0978_007,/mnt/data20tb/NIPT_IONTOR_PHUONGCHAU/NIPTorrent/ref3_results/mapped/24PC0978_007.bam,/mnt/data20tb/NIPT_IONTOR_PHUONGCHAU/NIPTorrent/ref3_results/mapped/24PC0978_007.bam.bai
24PC0979_008,/mnt/data20tb/NIPT_IONTOR_PHUONGCHAU/NIPTorrent/ref3_results/mapped/24PC0979_008.bam,/mnt/data20tb/NIPT_IONTOR_PHUONGCHAU/NIPTorrent/ref3_results/mapped/24PC0979_008.bam.bai
24PC0980_009,/mnt/data20tb/NIPT_IONTOR_PHUONGCHAU/NIPTorrent/ref3_results/mapped/24PC0980_009.bam,/mnt/data20tb/NIPT_IONTOR_PHUONGCHAU/NIPTorrent/ref3_results/mapped/24PC0980_009.bam.bai
24PC0982_011,/mnt/data20tb/NIPT_IONTOR_PHUONGCHAU/NIPTorrent/ref3_results/mapped/24PC0982_011.bam,/mnt/data20tb/NIPT_IONTOR_PHUONGCHAU/NIPTorrent/ref3_results/mapped/24PC0982_011.bam.bai
24PC0983_012,/mnt/data20tb/NIPT_IONTOR_PHUONGCHAU/NIPTorrent/ref3_results/mapped/24PC0983_012.bam,/mnt/data20tb/NIPT_IONTOR_PHUONGCHAU/NIPTorrent/ref3_results/mapped/24PC0983_012.bam.bai
24PC0986_015,/mnt/data20tb/NIPT_IONTOR_PHUONGCHAU/NIPTorrent/ref3_results/mapped/24PC0986_015.bam,/mnt/data20tb/NIPT_IONTOR_PHUONGCHAU/NIPTorrent/ref3_results/mapped/24PC0986_015.bam.bai
24PC0989_019,/mnt/data20tb/NIPT_IONTOR_PHUONGCHAU/NIPTorrent/ref3_results/mapped/24PC0989_019.bam,/mnt/data20tb/NIPT_IONTOR_PHUONGCHAU/NIPTorrent/ref3_results/mapped/24PC0989_019.bam.bai
24PC0993_023,/mnt/data20tb/NIPT_IONTOR_PHUONGCHAU/NIPTorrent/ref3_results/mapped/24PC0993_023.bam,/mnt/data20tb/NIPT_IONTOR_PHUONGCHAU/NIPTorrent/ref3_results/mapped/24PC0993_023.bam.bai
24PC0995_025,/mnt/data20tb/NIPT_IONTOR_PHUONGCHAU/NIPTorrent/ref3_results/mapped/24PC0995_025.bam,/mnt/data20tb/NIPT_IONTOR_PHUONGCHAU/NIPTorrent/ref3_results/mapped/24PC0995_025.bam.bai
24PC0996_026,/mnt/data20tb/NIPT_IONTOR_PHUONGCHAU/NIPTorrent/ref3_results/mapped/24PC0996_026.bam,/mnt/data20tb/NIPT_IONTOR_PHUONGCHAU/NIPTorrent/ref3_results/mapped/24PC0996_026.bam.bai
24PC0998_028,/mnt/data20tb/NIPT_IONTOR_PHUONGCHAU/NIPTorrent/ref3_results/mapped/24PC0998_028.bam,/mnt/data20tb/NIPT_IONTOR_PHUONGCHAU/NIPTorrent/ref3_results/mapped/24PC0998_028.bam.bai
24PC0999_034,/mnt/data20tb/NIPT_IONTOR_PHUONGCHAU/NIPTorrent/ref3_results/mapped/24PC0999_034.bam,/mnt/data20tb/NIPT_IONTOR_PHUONGCHAU/NIPTorrent/ref3_results/mapped/24PC0999_034.bam.bai
24PC1000_035,/mnt/data20tb/NIPT_IONTOR_PHUONGCHAU/NIPTorrent/ref3_results/mapped/24PC1000_035.bam,/mnt/data20tb/NIPT_IONTOR_PHUONGCHAU/NIPTorrent/ref3_results/mapped/24PC1000_035.bam.bai
24PC1001_036,/mnt/data20tb/NIPT_IONTOR_PHUONGCHAU/NIPTorrent/ref3_results/mapped/24PC1001_036.bam,/mnt/data20tb/NIPT_IONTOR_PHUONGCHAU/NIPTorrent/ref3_results/mapped/24PC1001_036.bam.bai
24PC1003_038,/mnt/data20tb/NIPT_IONTOR_PHUONGCHAU/NIPTorrent/ref3_results/mapped/24PC1003_038.bam,/mnt/data20tb/NIPT_IONTOR_PHUONGCHAU/NIPTorrent/ref3_results/mapped/24PC1003_038.bam.bai
24PC1004_039,/mnt/data20tb/NIPT_IONTOR_PHUONGCHAU/NIPTorrent/ref3_results/mapped/24PC1004_039.bam,/mnt/data20tb/NIPT_IONTOR_PHUONGCHAU/NIPTorrent/ref3_results/mapped/24PC1004_039.bam.bai
24PC1005_040,/mnt/data20tb/NIPT_IONTOR_PHUONGCHAU/NIPTorrent/ref3_results/mapped/24PC1005_040.bam,/mnt/data20tb/NIPT_IONTOR_PHUONGCHAU/NIPTorrent/ref3_results/mapped/24PC1005_040.bam.bai
24PC1006_041,/mnt/data20tb/NIPT_IONTOR_PHUONGCHAU/NIPTorrent/ref3_results/mapped/24PC1006_041.bam,/mnt/data20tb/NIPT_IONTOR_PHUONGCHAU/NIPTorrent/ref3_results/mapped/24PC1006_041.bam.bai
24PC1007_042,/mnt/data20tb/NIPT_IONTOR_PHUONGCHAU/NIPTorrent/ref3_results/mapped/24PC1007_042.bam,/mnt/data20tb/NIPT_IONTOR_PHUONGCHAU/NIPTorrent/ref3_results/mapped/24PC1007_042.bam.bai
24PC1008_043,/mnt/data20tb/NIPT_IONTOR_PHUONGCHAU/NIPTorrent/ref3_results/mapped/24PC1008_043.bam,/mnt/data20tb/NIPT_IONTOR_PHUONGCHAU/NIPTorrent/ref3_results/mapped/24PC1008_043.bam.bai
24PC1009_044,/mnt/data20tb/NIPT_IONTOR_PHUONGCHAU/NIPTorrent/ref3_results/mapped/24PC1009_044.bam,/mnt/data20tb/NIPT_IONTOR_PHUONGCHAU/NIPTorrent/ref3_results/mapped/24PC1009_044.bam.bai
24PC1010_045,/mnt/data20tb/NIPT_IONTOR_PHUONGCHAU/NIPTorrent/ref3_results/mapped/24PC1010_045.bam,/mnt/data20tb/NIPT_IONTOR_PHUONGCHAU/NIPTorrent/ref3_results/mapped/24PC1010_045.bam.bai
24PC1011_046,/mnt/data20tb/NIPT_IONTOR_PHUONGCHAU/NIPTorrent/ref3_results/mapped/24PC1011_046.bam,/mnt/data20tb/NIPT_IONTOR_PHUONGCHAU/NIPTorrent/ref3_results/mapped/24PC1011_046.bam.bai
24PC1012_047,/mnt/data20tb/NIPT_IONTOR_PHUONGCHAU/NIPTorrent/ref3_results/mapped/24PC1012_047.bam,/mnt/data20tb/NIPT_IONTOR_PHUONGCHAU/NIPTorrent/ref3_results/mapped/24PC1012_047.bam.bai
24PC1013_048,/mnt/data20tb/NIPT_IONTOR_PHUONGCHAU/NIPTorrent/ref3_results/mapped/24PC1013_048.bam,/mnt/data20tb/NIPT_IONTOR_PHUONGCHAU/NIPTorrent/ref3_results/mapped/24PC1013_048.bam.bai
24PC1015_002,/mnt/data20tb/NIPT_IONTOR_PHUONGCHAU/NIPTorrent/ref3_results/mapped/24PC1015_002.bam,/mnt/data20tb/NIPT_IONTOR_PHUONGCHAU/NIPTorrent/ref3_results/mapped/24PC1015_002.bam.bai
24PC1017_004,/mnt/data20tb/NIPT_IONTOR_PHUONGCHAU/NIPTorrent/ref3_results/mapped/24PC1017_004.bam,/mnt/data20tb/NIPT_IONTOR_PHUONGCHAU/NIPTorrent/ref3_results/mapped/24PC1017_004.bam.bai
24PC1018_005,/mnt/data20tb/NIPT_IONTOR_PHUONGCHAU/NIPTorrent/ref3_results/mapped/24PC1018_005.bam,/mnt/data20tb/NIPT_IONTOR_PHUONGCHAU/NIPTorrent/ref3_results/mapped/24PC1018_005.bam.bai
24PC1019_006,/mnt/data20tb/NIPT_IONTOR_PHUONGCHAU/NIPTorrent/ref3_results/mapped/24PC1019_006.bam,/mnt/data20tb/NIPT_IONTOR_PHUONGCHAU/NIPTorrent/ref3_results/mapped/24PC1019_006.bam.bai
24PC1020_007,/mnt/data20tb/NIPT_IONTOR_PHUONGCHAU/NIPTorrent/ref3_results/mapped/24PC1020_007.bam,/mnt/data20tb/NIPT_IONTOR_PHUONGCHAU/NIPTorrent/ref3_results/mapped/24PC1020_007.bam.bai
24PC1021_011,/mnt/data20tb/NIPT_IONTOR_PHUONGCHAU/NIPTorrent/ref3_results/mapped/24PC1021_011.bam,/mnt/data20tb/NIPT_IONTOR_PHUONGCHAU/NIPTorrent/ref3_results/mapped/24PC1021_011.bam.bai
24PC1022_012,/mnt/data20tb/NIPT_IONTOR_PHUONGCHAU/NIPTorrent/ref3_results/mapped/24PC1022_012.bam,/mnt/data20tb/NIPT_IONTOR_PHUONGCHAU/NIPTorrent/ref3_results/mapped/24PC1022_012.bam.bai
24PC1023_013,/mnt/data20tb/NIPT_IONTOR_PHUONGCHAU/NIPTorrent/ref3_results/mapped/24PC1023_013.bam,/mnt/data20tb/NIPT_IONTOR_PHUONGCHAU/NIPTorrent/ref3_results/mapped/24PC1023_013.bam.bai
24PC1024_014,/mnt/data20tb/NIPT_IONTOR_PHUONGCHAU/NIPTorrent/ref3_results/mapped/24PC1024_014.bam,/mnt/data20tb/NIPT_IONTOR_PHUONGCHAU/NIPTorrent/ref3_results/mapped/24PC1024_014.bam.bai
24PC1025_015,/mnt/data20tb/NIPT_IONTOR_PHUONGCHAU/NIPTorrent/ref3_results/mapped/24PC1025_015.bam,/mnt/data20tb/NIPT_IONTOR_PHUONGCHAU/NIPTorrent/ref3_results/mapped/24PC1025_015.bam.bai
24PC1026_016,/mnt/data20tb/NIPT_IONTOR_PHUONGCHAU/NIPTorrent/ref3_results/mapped/24PC1026_016.bam,/mnt/data20tb/NIPT_IONTOR_PHUONGCHAU/NIPTorrent/ref3_results/mapped/24PC1026_016.bam.bai
24PC1027_017,/mnt/data20tb/NIPT_IONTOR_PHUONGCHAU/NIPTorrent/ref3_results/mapped/24PC1027_017.bam,/mnt/data20tb/NIPT_IONTOR_PHUONGCHAU/NIPTorrent/ref3_results/mapped/24PC1027_017.bam.bai
24PC1028_019,/mnt/data20tb/NIPT_IONTOR_PHUONGCHAU/NIPTorrent/ref3_results/mapped/24PC1028_019.bam,/mnt/data20tb/NIPT_IONTOR_PHUONGCHAU/NIPTorrent/ref3_results/mapped/24PC1028_019.bam.bai
24PC1029_020,/mnt/data20tb/NIPT_IONTOR_PHUONGCHAU/NIPTorrent/ref3_results/mapped/24PC1029_020.bam,/mnt/data20tb/NIPT_IONTOR_PHUONGCHAU/NIPTorrent/ref3_results/mapped/24PC1029_020.bam.bai
24PC1030_021,/mnt/data20tb/NIPT_IONTOR_PHUONGCHAU/NIPTorrent/ref3_results/mapped/24PC1030_021.bam,/mnt/data20tb/NIPT_IONTOR_PHUONGCHAU/NIPTorrent/ref3_results/mapped/24PC1030_021.bam.bai
24PC1031_022,/mnt/data20tb/NIPT_IONTOR_PHUONGCHAU/NIPTorrent/ref3_results/mapped/24PC1031_022.bam,/mnt/data20tb/NIPT_IONTOR_PHUONGCHAU/NIPTorrent/ref3_results/mapped/24PC1031_022.bam.bai
24PC1033_024,/mnt/data20tb/NIPT_IONTOR_PHUONGCHAU/NIPTorrent/ref3_results/mapped/24PC1033_024.bam,/mnt/data20tb/NIPT_IONTOR_PHUONGCHAU/NIPTorrent/ref3_results/mapped/24PC1033_024.bam.bai
24PC1034_025,/mnt/data20tb/NIPT_IONTOR_PHUONGCHAU/NIPTorrent/ref3_results/mapped/24PC1034_025.bam,/mnt/data20tb/NIPT_IONTOR_PHUONGCHAU/NIPTorrent/ref3_results/mapped/24PC1034_025.bam.bai
24PC1035_026,/mnt/data20tb/NIPT_IONTOR_PHUONGCHAU/NIPTorrent/ref3_results/mapped/24PC1035_026.bam,/mnt/data20tb/NIPT_IONTOR_PHUONGCHAU/NIPTorrent/ref3_results/mapped/24PC1035_026.bam.bai
24PC1037_028,/mnt/data20tb/NIPT_IONTOR_PHUONGCHAU/NIPTorrent/ref3_results/mapped/24PC1037_028.bam,/mnt/data20tb/NIPT_IONTOR_PHUONGCHAU/NIPTorrent/ref3_results/mapped/24PC1037_028.bam.bai
24PC1038_029,/mnt/data20tb/NIPT_IONTOR_PHUONGCHAU/NIPTorrent/ref3_results/mapped/24PC1038_029.bam,/mnt/data20tb/NIPT_IONTOR_PHUONGCHAU/NIPTorrent/ref3_results/mapped/24PC1038_029.bam.bai
24PC1039_030,/mnt/data20tb/NIPT_IONTOR_PHUONGCHAU/NIPTorrent/ref3_results/mapped/24PC1039_030.bam,/mnt/data20tb/NIPT_IONTOR_PHUONGCHAU/NIPTorrent/ref3_results/mapped/24PC1039_030.bam.bai
24PC1040_031,/mnt/data20tb/NIPT_IONTOR_PHUONGCHAU/NIPTorrent/ref3_results/mapped/24PC1040_031.bam,/mnt/data20tb/NIPT_IONTOR_PHUONGCHAU/NIPTorrent/ref3_results/mapped/24PC1040_031.bam.bai
24PC1041_032,/mnt/data20tb/NIPT_IONTOR_PHUONGCHAU/NIPTorrent/ref3_results/mapped/24PC1041_032.bam,/mnt/data20tb/NIPT_IONTOR_PHUONGCHAU/NIPTorrent/ref3_results/mapped/24PC1041_032.bam.bai
24PC1043_036,/mnt/data20tb/NIPT_IONTOR_PHUONGCHAU/NIPTorrent/ref3_results/mapped/24PC1043_036.bam,/mnt/data20tb/NIPT_IONTOR_PHUONGCHAU/NIPTorrent/ref3_results/mapped/24PC1043_036.bam.bai
24PC1044_037,/mnt/data20tb/NIPT_IONTOR_PHUONGCHAU/NIPTorrent/ref3_results/mapped/24PC1044_037.bam,/mnt/data20tb/NIPT_IONTOR_PHUONGCHAU/NIPTorrent/ref3_results/mapped/24PC1044_037.bam.bai
24PC1045_038,/mnt/data20tb/NIPT_IONTOR_PHUONGCHAU/NIPTorrent/ref3_results/mapped/24PC1045_038.bam,/mnt/data20tb/NIPT_IONTOR_PHUONGCHAU/NIPTorrent/ref3_results/mapped/24PC1045_038.bam.bai
24PC1046_039,/mnt/data20tb/NIPT_IONTOR_PHUONGCHAU/NIPTorrent/ref3_results/mapped/24PC1046_039.bam,/mnt/data20tb/NIPT_IONTOR_PHUONGCHAU/NIPTorrent/ref3_results/mapped/24PC1046_039.bam.bai
24PC1047_040,/mnt/data20tb/NIPT_IONTOR_PHUONGCHAU/NIPTorrent/ref3_results/mapped/24PC1047_040.bam,/mnt/data20tb/NIPT_IONTOR_PHUONGCHAU/NIPTorrent/ref3_results/mapped/24PC1047_040.bam.bai
24PC1048_041,/mnt/data20tb/NIPT_IONTOR_PHUONGCHAU/NIPTorrent/ref3_results/mapped/24PC1048_041.bam,/mnt/data20tb/NIPT_IONTOR_PHUONGCHAU/NIPTorrent/ref3_results/mapped/24PC1048_041.bam.bai
24PC1049_042,/mnt/data20tb/NIPT_IONTOR_PHUONGCHAU/NIPTorrent/ref3_results/mapped/24PC1049_042.bam,/mnt/data20tb/NIPT_IONTOR_PHUONGCHAU/NIPTorrent/ref3_results/mapped/24PC1049_042.bam.bai
24PC1050_043,/mnt/data20tb/NIPT_IONTOR_PHUONGCHAU/NIPTorrent/ref3_results/mapped/24PC1050_043.bam,/mnt/data20tb/NIPT_IONTOR_PHUONGCHAU/NIPTorrent/ref3_results/mapped/24PC1050_043.bam.bai
24PC1051_044,/mnt/data20tb/NIPT_IONTOR_PHUONGCHAU/NIPTorrent/ref3_results/mapped/24PC1051_044.bam,/mnt/data20tb/NIPT_IONTOR_PHUONGCHAU/NIPTorrent/ref3_results/mapped/24PC1051_044.bam.bai
24PC1052_045,/mnt/data20tb/NIPT_IONTOR_PHUONGCHAU/NIPTorrent/ref3_results/mapped/24PC1052_045.bam,/mnt/data20tb/NIPT_IONTOR_PHUONGCHAU/NIPTorrent/ref3_results/mapped/24PC1052_045.bam.bai
24PC1053_042,/mnt/data20tb/NIPT_IONTOR_PHUONGCHAU/NIPTorrent/ref3_results/mapped/24PC1053_042.bam,/mnt/data20tb/NIPT_IONTOR_PHUONGCHAU/NIPTorrent/ref3_results/mapped/24PC1053_042.bam.bai
24PC1055_048,/mnt/data20tb/NIPT_IONTOR_PHUONGCHAU/NIPTorrent/ref3_results/mapped/24PC1055_048.bam,/mnt/data20tb/NIPT_IONTOR_PHUONGCHAU/NIPTorrent/ref3_results/mapped/24PC1055_048.bam.bai
24PC1056_001,/mnt/data20tb/NIPT_IONTOR_PHUONGCHAU/NIPTorrent/ref3_results/mapped/24PC1056_001.bam,/mnt/data20tb/NIPT_IONTOR_PHUONGCHAU/NIPTorrent/ref3_results/mapped/24PC1056_001.bam.bai
24PC1057_002,/mnt/data20tb/NIPT_IONTOR_PHUONGCHAU/NIPTorrent/ref3_results/mapped/24PC1057_002.bam,/mnt/data20tb/NIPT_IONTOR_PHUONGCHAU/NIPTorrent/ref3_results/mapped/24PC1057_002.bam.bai
24PC1059_004,/mnt/data20tb/NIPT_IONTOR_PHUONGCHAU/NIPTorrent/ref3_results/mapped/24PC1059_004.bam,/mnt/data20tb/NIPT_IONTOR_PHUONGCHAU/NIPTorrent/ref3_results/mapped/24PC1059_004.bam.bai
24PC1060_005,/mnt/data20tb/NIPT_IONTOR_PHUONGCHAU/NIPTorrent/ref3_results/mapped/24PC1060_005.bam,/mnt/data20tb/NIPT_IONTOR_PHUONGCHAU/NIPTorrent/ref3_results/mapped/24PC1060_005.bam.bai
24PC1061_006,/mnt/data20tb/NIPT_IONTOR_PHUONGCHAU/NIPTorrent/ref3_results/mapped/24PC1061_006.bam,/mnt/data20tb/NIPT_IONTOR_PHUONGCHAU/NIPTorrent/ref3_results/mapped/24PC1061_006.bam.bai
24PC1065_010,/mnt/data20tb/NIPT_IONTOR_PHUONGCHAU/NIPTorrent/ref3_results/mapped/24PC1065_010.bam,/mnt/data20tb/NIPT_IONTOR_PHUONGCHAU/NIPTorrent/ref3_results/mapped/24PC1065_010.bam.bai
24PC1066_011,/mnt/data20tb/NIPT_IONTOR_PHUONGCHAU/NIPTorrent/ref3_results/mapped/24PC1066_011.bam,/mnt/data20tb/NIPT_IONTOR_PHUONGCHAU/NIPTorrent/ref3_results/mapped/24PC1066_011.bam.bai
24PC1067_012,/mnt/data20tb/NIPT_IONTOR_PHUONGCHAU/NIPTorrent/ref3_results/mapped/24PC1067_012.bam,/mnt/data20tb/NIPT_IONTOR_PHUONGCHAU/NIPTorrent/ref3_results/mapped/24PC1067_012.bam.bai
24PC1068_013,/mnt/data20tb/NIPT_IONTOR_PHUONGCHAU/NIPTorrent/ref3_results/mapped/24PC1068_013.bam,/mnt/data20tb/NIPT_IONTOR_PHUONGCHAU/NIPTorrent/ref3_results/mapped/24PC1068_013.bam.bai
24PC1069_014,/mnt/data20tb/NIPT_IONTOR_PHUONGCHAU/NIPTorrent/ref3_results/mapped/24PC1069_014.bam,/mnt/data20tb/NIPT_IONTOR_PHUONGCHAU/NIPTorrent/ref3_results/mapped/24PC1069_014.bam.bai
24PC1070_015,/mnt/data20tb/NIPT_IONTOR_PHUONGCHAU/NIPTorrent/ref3_results/mapped/24PC1070_015.bam,/mnt/data20tb/NIPT_IONTOR_PHUONGCHAU/NIPTorrent/ref3_results/mapped/24PC1070_015.bam.bai
24PC1071_016,/mnt/data20tb/NIPT_IONTOR_PHUONGCHAU/NIPTorrent/ref3_results/mapped/24PC1071_016.bam,/mnt/data20tb/NIPT_IONTOR_PHUONGCHAU/NIPTorrent/ref3_results/mapped/24PC1071_016.bam.bai
24PC1072_023,/mnt/data20tb/NIPT_IONTOR_PHUONGCHAU/NIPTorrent/ref3_results/mapped/24PC1072_023.bam,/mnt/data20tb/NIPT_IONTOR_PHUONGCHAU/NIPTorrent/ref3_results/mapped/24PC1072_023.bam.bai
24PC1074_025,/mnt/data20tb/NIPT_IONTOR_PHUONGCHAU/NIPTorrent/ref3_results/mapped/24PC1074_025.bam,/mnt/data20tb/NIPT_IONTOR_PHUONGCHAU/NIPTorrent/ref3_results/mapped/24PC1074_025.bam.bai
24PC1077_028,/mnt/data20tb/NIPT_IONTOR_PHUONGCHAU/NIPTorrent/ref3_results/mapped/24PC1077_028.bam,/mnt/data20tb/NIPT_IONTOR_PHUONGCHAU/NIPTorrent/ref3_results/mapped/24PC1077_028.bam.bai
24PC1078_029,/mnt/data20tb/NIPT_IONTOR_PHUONGCHAU/NIPTorrent/ref3_results/mapped/24PC1078_029.bam,/mnt/data20tb/NIPT_IONTOR_PHUONGCHAU/NIPTorrent/ref3_results/mapped/24PC1078_029.bam.bai
24PC1079_030,/mnt/data20tb/NIPT_IONTOR_PHUONGCHAU/NIPTorrent/ref3_results/mapped/24PC1079_030.bam,/mnt/data20tb/NIPT_IONTOR_PHUONGCHAU/NIPTorrent/ref3_results/mapped/24PC1079_030.bam.bai
24PC1080_031,/mnt/data20tb/NIPT_IONTOR_PHUONGCHAU/NIPTorrent/ref3_results/mapped/24PC1080_031.bam,/mnt/data20tb/NIPT_IONTOR_PHUONGCHAU/NIPTorrent/ref3_results/mapped/24PC1080_031.bam.bai
24PC1081_032,/mnt/data20tb/NIPT_IONTOR_PHUONGCHAU/NIPTorrent/ref3_results/mapped/24PC1081_032.bam,/mnt/data20tb/NIPT_IONTOR_PHUONGCHAU/NIPTorrent/ref3_results/mapped/24PC1081_032.bam.bai
24PC1082_033,/mnt/data20tb/NIPT_IONTOR_PHUONGCHAU/NIPTorrent/ref3_results/mapped/24PC1082_033.bam,/mnt/data20tb/NIPT_IONTOR_PHUONGCHAU/NIPTorrent/ref3_results/mapped/24PC1082_033.bam.bai
24PC1085_036,/mnt/data20tb/NIPT_IONTOR_PHUONGCHAU/NIPTorrent/ref3_results/mapped/24PC1085_036.bam,/mnt/data20tb/NIPT_IONTOR_PHUONGCHAU/NIPTorrent/ref3_results/mapped/24PC1085_036.bam.bai
24PC1086_037,/mnt/data20tb/NIPT_IONTOR_PHUONGCHAU/NIPTorrent/ref3_results/mapped/24PC1086_037.bam,/mnt/data20tb/NIPT_IONTOR_PHUONGCHAU/NIPTorrent/ref3_results/mapped/24PC1086_037.bam.bai
24PC1088_039,/mnt/data20tb/NIPT_IONTOR_PHUONGCHAU/NIPTorrent/ref3_results/mapped/24PC1088_039.bam,/mnt/data20tb/NIPT_IONTOR_PHUONGCHAU/NIPTorrent/ref3_results/mapped/24PC1088_039.bam.bai
24PC1089_040,/mnt/data20tb/NIPT_IONTOR_PHUONGCHAU/NIPTorrent/ref3_results/mapped/24PC1089_040.bam,/mnt/data20tb/NIPT_IONTOR_PHUONGCHAU/NIPTorrent/ref3_results/mapped/24PC1089_040.bam.bai
24PC1090_041,/mnt/data20tb/NIPT_IONTOR_PHUONGCHAU/NIPTorrent/ref3_results/mapped/24PC1090_041.bam,/mnt/data20tb/NIPT_IONTOR_PHUONGCHAU/NIPTorrent/ref3_results/mapped/24PC1090_041.bam.bai
24PC1091_043,/mnt/data20tb/NIPT_IONTOR_PHUONGCHAU/NIPTorrent/ref3_results/mapped/24PC1091_043.bam,/mnt/data20tb/NIPT_IONTOR_PHUONGCHAU/NIPTorrent/ref3_results/mapped/24PC1091_043.bam.bai
24PC1092_044,/mnt/data20tb/NIPT_IONTOR_PHUONGCHAU/NIPTorrent/ref3_results/mapped/24PC1092_044.bam,/mnt/data20tb/NIPT_IONTOR_PHUONGCHAU/NIPTorrent/ref3_results/mapped/24PC1092_044.bam.bai
24PC1093_045,/mnt/data20tb/NIPT_IONTOR_PHUONGCHAU/NIPTorrent/ref3_results/mapped/24PC1093_045.bam,/mnt/data20tb/NIPT_IONTOR_PHUONGCHAU/NIPTorrent/ref3_results/mapped/24PC1093_045.bam.bai
24PC1095_047,/mnt/data20tb/NIPT_IONTOR_PHUONGCHAU/NIPTorrent/ref3_results/mapped/24PC1095_047.bam,/mnt/data20tb/NIPT_IONTOR_PHUONGCHAU/NIPTorrent/ref3_results/mapped/24PC1095_047.bam.bai
24PC1096_048,/mnt/data20tb/NIPT_IONTOR_PHUONGCHAU/NIPTorrent/ref3_results/mapped/24PC1096_048.bam,/mnt/data20tb/NIPT_IONTOR_PHUONGCHAU/NIPTorrent/ref3_results/mapped/24PC1096_048.bam.bai
24PC1097_001,/mnt/data20tb/NIPT_IONTOR_PHUONGCHAU/NIPTorrent/ref3_results/mapped/24PC1097_001.bam,/mnt/data20tb/NIPT_IONTOR_PHUONGCHAU/NIPTorrent/ref3_results/mapped/24PC1097_001.bam.bai
24PC1098_002,/mnt/data20tb/NIPT_IONTOR_PHUONGCHAU/NIPTorrent/ref3_results/mapped/24PC1098_002.bam,/mnt/data20tb/NIPT_IONTOR_PHUONGCHAU/NIPTorrent/ref3_results/mapped/24PC1098_002.bam.bai
24PC1100_004,/mnt/data20tb/NIPT_IONTOR_PHUONGCHAU/NIPTorrent/ref3_results/mapped/24PC1100_004.bam,/mnt/data20tb/NIPT_IONTOR_PHUONGCHAU/NIPTorrent/ref3_results/mapped/24PC1100_004.bam.bai
24PC1101_005,/mnt/data20tb/NIPT_IONTOR_PHUONGCHAU/NIPTorrent/ref3_results/mapped/24PC1101_005.bam,/mnt/data20tb/NIPT_IONTOR_PHUONGCHAU/NIPTorrent/ref3_results/mapped/24PC1101_005.bam.bai
24PC1102_006,/mnt/data20tb/NIPT_IONTOR_PHUONGCHAU/NIPTorrent/ref3_results/mapped/24PC1102_006.bam,/mnt/data20tb/NIPT_IONTOR_PHUONGCHAU/NIPTorrent/ref3_results/mapped/24PC1102_006.bam.bai
24PC1104_008,/mnt/data20tb/NIPT_IONTOR_PHUONGCHAU/NIPTorrent/ref3_results/mapped/24PC1104_008.bam,/mnt/data20tb/NIPT_IONTOR_PHUONGCHAU/NIPTorrent/ref3_results/mapped/24PC1104_008.bam.bai
24PC1105_009,/mnt/data20tb/NIPT_IONTOR_PHUONGCHAU/NIPTorrent/ref3_results/mapped/24PC1105_009.bam,/mnt/data20tb/NIPT_IONTOR_PHUONGCHAU/NIPTorrent/ref3_results/mapped/24PC1105_009.bam.bai
24PC1106_010,/mnt/data20tb/NIPT_IONTOR_PHUONGCHAU/NIPTorrent/ref3_results/mapped/24PC1106_010.bam,/mnt/data20tb/NIPT_IONTOR_PHUONGCHAU/NIPTorrent/ref3_results/mapped/24PC1106_010.bam.bai
24PC1108_012,/mnt/data20tb/NIPT_IONTOR_PHUONGCHAU/NIPTorrent/ref3_results/mapped/24PC1108_012.bam,/mnt/data20tb/NIPT_IONTOR_PHUONGCHAU/NIPTorrent/ref3_results/mapped/24PC1108_012.bam.bai
24PC1109_013,/mnt/data20tb/NIPT_IONTOR_PHUONGCHAU/NIPTorrent/ref3_results/mapped/24PC1109_013.bam,/mnt/data20tb/NIPT_IONTOR_PHUONGCHAU/NIPTorrent/ref3_results/mapped/24PC1109_013.bam.bai
24PC1110_014,/mnt/data20tb/NIPT_IONTOR_PHUONGCHAU/NIPTorrent/ref3_results/mapped/24PC1110_014.bam,/mnt/data20tb/NIPT_IONTOR_PHUONGCHAU/NIPTorrent/ref3_results/mapped/24PC1110_014.bam.bai
24PC1111_015,/mnt/data20tb/NIPT_IONTOR_PHUONGCHAU/NIPTorrent/ref3_results/mapped/24PC1111_015.bam,/mnt/data20tb/NIPT_IONTOR_PHUONGCHAU/NIPTorrent/ref3_results/mapped/24PC1111_015.bam.bai
24PC1112_016,/mnt/data20tb/NIPT_IONTOR_PHUONGCHAU/NIPTorrent/ref3_results/mapped/24PC1112_016.bam,/mnt/data20tb/NIPT_IONTOR_PHUONGCHAU/NIPTorrent/ref3_results/mapped/24PC1112_016.bam.bai
24PC1114_019,/mnt/data20tb/NIPT_IONTOR_PHUONGCHAU/NIPTorrent/ref3_results/mapped/24PC1114_019.bam,/mnt/data20tb/NIPT_IONTOR_PHUONGCHAU/NIPTorrent/ref3_results/mapped/24PC1114_019.bam.bai
24PC1115_020,/mnt/data20tb/NIPT_IONTOR_PHUONGCHAU/NIPTorrent/ref3_results/mapped/24PC1115_020.bam,/mnt/data20tb/NIPT_IONTOR_PHUONGCHAU/NIPTorrent/ref3_results/mapped/24PC1115_020.bam.bai
24PC1116_021,/mnt/data20tb/NIPT_IONTOR_PHUONGCHAU/NIPTorrent/ref3_results/mapped/24PC1116_021.bam,/mnt/data20tb/NIPT_IONTOR_PHUONGCHAU/NIPTorrent/ref3_results/mapped/24PC1116_021.bam.bai
24PC1117_022,/mnt/data20tb/NIPT_IONTOR_PHUONGCHAU/NIPTorrent/ref3_results/mapped/24PC1117_022.bam,/mnt/data20tb/NIPT_IONTOR_PHUONGCHAU/NIPTorrent/ref3_results/mapped/24PC1117_022.bam.bai
24PC1118_023,/mnt/data20tb/NIPT_IONTOR_PHUONGCHAU/NIPTorrent/ref3_results/mapped/24PC1118_023.bam,/mnt/data20tb/NIPT_IONTOR_PHUONGCHAU/NIPTorrent/ref3_results/mapped/24PC1118_023.bam.bai
24PC1119_024,/mnt/data20tb/NIPT_IONTOR_PHUONGCHAU/NIPTorrent/ref3_results/mapped/24PC1119_024.bam,/mnt/data20tb/NIPT_IONTOR_PHUONGCHAU/NIPTorrent/ref3_results/mapped/24PC1119_024.bam.bai
24PC1120_025,/mnt/data20tb/NIPT_IONTOR_PHUONGCHAU/NIPTorrent/ref3_results/mapped/24PC1120_025.bam,/mnt/data20tb/NIPT_IONTOR_PHUONGCHAU/NIPTorrent/ref3_results/mapped/24PC1120_025.bam.bai
24PCP010_023,/mnt/data20tb/NIPT_IONTOR_PHUONGCHAU/NIPTorrent/ref3_results/mapped/24PCP010_023.bam,/mnt/data20tb/NIPT_IONTOR_PHUONGCHAU/NIPTorrent/ref3_results/mapped/24PCP010_023.bam.bai
24PCP011_024,/mnt/data20tb/NIPT_IONTOR_PHUONGCHAU/NIPTorrent/ref3_results/mapped/24PCP011_024.bam,/mnt/data20tb/NIPT_IONTOR_PHUONGCHAU/NIPTorrent/ref3_results/mapped/24PCP011_024.bam.bai
24PCP012_001,/mnt/data20tb/NIPT_IONTOR_PHUONGCHAU/NIPTorrent/ref3_results/mapped/24PCP012_001.bam,/mnt/data20tb/NIPT_IONTOR_PHUONGCHAU/NIPTorrent/ref3_results/mapped/24PCP012_001.bam.bai
24PCP013_008,/mnt/data20tb/NIPT_IONTOR_PHUONGCHAU/NIPTorrent/ref3_results/mapped/24PCP013_008.bam,/mnt/data20tb/NIPT_IONTOR_PHUONGCHAU/NIPTorrent/ref3_results/mapped/24PCP013_008.bam.bai
24PCP014_009,/mnt/data20tb/NIPT_IONTOR_PHUONGCHAU/NIPTorrent/ref3_results/mapped/24PCP014_009.bam,/mnt/data20tb/NIPT_IONTOR_PHUONGCHAU/NIPTorrent/ref3_results/mapped/24PCP014_009.bam.bai
24PCP015_021,/mnt/data20tb/NIPT_IONTOR_PHUONGCHAU/NIPTorrent/ref3_results/mapped/24PCP015_021.bam,/mnt/data20tb/NIPT_IONTOR_PHUONGCHAU/NIPTorrent/ref3_results/mapped/24PCP015_021.bam.bai
24PCP016_022,/mnt/data20tb/NIPT_IONTOR_PHUONGCHAU/NIPTorrent/ref3_results/mapped/24PCP016_022.bam,/mnt/data20tb/NIPT_IONTOR_PHUONGCHAU/NIPTorrent/ref3_results/mapped/24PCP016_022.bam.bai
24PCP017_023,/mnt/data20tb/NIPT_IONTOR_PHUONGCHAU/NIPTorrent/ref3_results/mapped/24PCP017_023.bam,/mnt/data20tb/NIPT_IONTOR_PHUONGCHAU/NIPTorrent/ref3_results/mapped/24PCP017_023.bam.bai
24PCP018_025,/mnt/data20tb/NIPT_IONTOR_PHUONGCHAU/NIPTorrent/ref3_results/mapped/24PCP018_025.bam,/mnt/data20tb/NIPT_IONTOR_PHUONGCHAU/NIPTorrent/ref3_results/mapped/24PCP018_025.bam.bai
24PCP019_026,/mnt/data20tb/NIPT_IONTOR_PHUONGCHAU/NIPTorrent/ref3_results/mapped/24PCP019_026.bam,/mnt/data20tb/NIPT_IONTOR_PHUONGCHAU/NIPTorrent/ref3_results/mapped/24PCP019_026.bam.bai
24PCP020_027,/mnt/data20tb/NIPT_IONTOR_PHUONGCHAU/NIPTorrent/ref3_results/mapped/24PCP020_027.bam,/mnt/data20tb/NIPT_IONTOR_PHUONGCHAU/NIPTorrent/ref3_results/mapped/24PCP020_027.bam.bai
24PCP021_027,/mnt/data20tb/NIPT_IONTOR_PHUONGCHAU/NIPTorrent/ref3_results/mapped/24PCP021_027.bam,/mnt/data20tb/NIPT_IONTOR_PHUONGCHAU/NIPTorrent/ref3_results/mapped/24PCP021_027.bam.bai
24PCP022_028,/mnt/data20tb/NIPT_IONTOR_PHUONGCHAU/NIPTorrent/ref3_results/mapped/24PCP022_028.bam,/mnt/data20tb/NIPT_IONTOR_PHUONGCHAU/NIPTorrent/ref3_results/mapped/24PCP022_028.bam.bai
24PCP024_030,/mnt/data20tb/NIPT_IONTOR_PHUONGCHAU/NIPTorrent/ref3_results/mapped/24PCP024_030.bam,/mnt/data20tb/NIPT_IONTOR_PHUONGCHAU/NIPTorrent/ref3_results/mapped/24PCP024_030.bam.bai
24PCP025_031,/mnt/data20tb/NIPT_IONTOR_PHUONGCHAU/NIPTorrent/ref3_results/mapped/24PCP025_031.bam,/mnt/data20tb/NIPT_IONTOR_PHUONGCHAU/NIPTorrent/ref3_results/mapped/24PCP025_031.bam.bai
24PCP026_005,/mnt/data20tb/NIPT_IONTOR_PHUONGCHAU/NIPTorrent/ref3_results/mapped/24PCP026_005.bam,/mnt/data20tb/NIPT_IONTOR_PHUONGCHAU/NIPTorrent/ref3_results/mapped/24PCP026_005.bam.bai
24PCP027_006,/mnt/data20tb/NIPT_IONTOR_PHUONGCHAU/NIPTorrent/ref3_results/mapped/24PCP027_006.bam,/mnt/data20tb/NIPT_IONTOR_PHUONGCHAU/NIPTorrent/ref3_results/mapped/24PCP027_006.bam.bai
24PCP028_035,/mnt/data20tb/NIPT_IONTOR_PHUONGCHAU/NIPTorrent/ref3_results/mapped/24PCP028_035.bam,/mnt/data20tb/NIPT_IONTOR_PHUONGCHAU/NIPTorrent/ref3_results/mapped/24PCP028_035.bam.bai
24PCP030_016,/mnt/data20tb/NIPT_IONTOR_PHUONGCHAU/NIPTorrent/ref3_results/mapped/24PCP030_016.bam,/mnt/data20tb/NIPT_IONTOR_PHUONGCHAU/NIPTorrent/ref3_results/mapped/24PCP030_016.bam.bai
24PCP031_017,/mnt/data20tb/NIPT_IONTOR_PHUONGCHAU/NIPTorrent/ref3_results/mapped/24PCP031_017.bam,/mnt/data20tb/NIPT_IONTOR_PHUONGCHAU/NIPTorrent/ref3_results/mapped/24PCP031_017.bam.bai
24PCP032_019,/mnt/data20tb/NIPT_IONTOR_PHUONGCHAU/NIPTorrent/ref3_results/mapped/24PCP032_019.bam,/mnt/data20tb/NIPT_IONTOR_PHUONGCHAU/NIPTorrent/ref3_results/mapped/24PCP032_019.bam.bai
24PCP033_020,/mnt/data20tb/NIPT_IONTOR_PHUONGCHAU/NIPTorrent/ref3_results/mapped/24PCP033_020.bam,/mnt/data20tb/NIPT_IONTOR_PHUONGCHAU/NIPTorrent/ref3_results/mapped/24PCP033_020.bam.bai
24PCP035_017,/mnt/data20tb/NIPT_IONTOR_PHUONGCHAU/NIPTorrent/ref3_results/mapped/24PCP035_017.bam,/mnt/data20tb/NIPT_IONTOR_PHUONGCHAU/NIPTorrent/ref3_results/mapped/24PCP035_017.bam.bai
24PCP036_019,/mnt/data20tb/NIPT_IONTOR_PHUONGCHAU/NIPTorrent/ref3_results/mapped/24PCP036_019.bam,/mnt/data20tb/NIPT_IONTOR_PHUONGCHAU/NIPTorrent/ref3_results/mapped/24PCP036_019.bam.bai
24PCP037_020,/mnt/data20tb/NIPT_IONTOR_PHUONGCHAU/NIPTorrent/ref3_results/mapped/24PCP037_020.bam,/mnt/data20tb/NIPT_IONTOR_PHUONGCHAU/NIPTorrent/ref3_results/mapped/24PCP037_020.bam.bai
24PCP038_021,/mnt/data20tb/NIPT_IONTOR_PHUONGCHAU/NIPTorrent/ref3_results/mapped/24PCP038_021.bam,/mnt/data20tb/NIPT_IONTOR_PHUONGCHAU/NIPTorrent/ref3_results/mapped/24PCP038_021.bam.bai
24PCP039_038,/mnt/data20tb/NIPT_IONTOR_PHUONGCHAU/NIPTorrent/ref3_results/mapped/24PCP039_038.bam,/mnt/data20tb/NIPT_IONTOR_PHUONGCHAU/NIPTorrent/ref3_results/mapped/24PCP039_038.bam.bai
24PCP040_039,/mnt/data20tb/NIPT_IONTOR_PHUONGCHAU/NIPTorrent/ref3_results/mapped/24PCP040_039.bam,/mnt/data20tb/NIPT_IONTOR_PHUONGCHAU/NIPTorrent/ref3_results/mapped/24PCP040_039.bam.bai
24PCP041_040,/mnt/data20tb/NIPT_IONTOR_PHUONGCHAU/NIPTorrent/ref3_results/mapped/24PCP041_040.bam,/mnt/data20tb/NIPT_IONTOR_PHUONGCHAU/NIPTorrent/ref3_results/mapped/24PCP041_040.bam.bai
24PCP042_041,/mnt/data20tb/NIPT_IONTOR_PHUONGCHAU/NIPTorrent/ref3_results/mapped/24PCP042_041.bam,/mnt/data20tb/NIPT_IONTOR_PHUONGCHAU/NIPTorrent/ref3_results/mapped/24PCP042_041.bam.bai
24PCP043_042,/mnt/data20tb/NIPT_IONTOR_PHUONGCHAU/NIPTorrent/ref3_results/mapped/24PCP043_042.bam,/mnt/data20tb/NIPT_IONTOR_PHUONGCHAU/NIPTorrent/ref3_results/mapped/24PCP043_042.bam.bai
24PCP046_037,/mnt/data20tb/NIPT_IONTOR_PHUONGCHAU/NIPTorrent/ref3_results/mapped/24PCP046_037.bam,/mnt/data20tb/NIPT_IONTOR_PHUONGCHAU/NIPTorrent/ref3_results/mapped/24PCP046_037.bam.bai
24PCP047_038,/mnt/data20tb/NIPT_IONTOR_PHUONGCHAU/NIPTorrent/ref3_results/mapped/24PCP047_038.bam,/mnt/data20tb/NIPT_IONTOR_PHUONGCHAU/NIPTorrent/ref3_results/mapped/24PCP047_038.bam.bai
24PCP048_039,/mnt/data20tb/NIPT_IONTOR_PHUONGCHAU/NIPTorrent/ref3_results/mapped/24PCP048_039.bam,/mnt/data20tb/NIPT_IONTOR_PHUONGCHAU/NIPTorrent/ref3_results/mapped/24PCP048_039.bam.bai
24PCP050_028,/mnt/data20tb/NIPT_IONTOR_PHUONGCHAU/NIPTorrent/ref3_results/mapped/24PCP050_028.bam,/mnt/data20tb/NIPT_IONTOR_PHUONGCHAU/NIPTorrent/ref3_results/mapped/24PCP050_028.bam.bai
24PCP051_029,/mnt/data20tb/NIPT_IONTOR_PHUONGCHAU/NIPTorrent/ref3_results/mapped/24PCP051_029.bam,/mnt/data20tb/NIPT_IONTOR_PHUONGCHAU/NIPTorrent/ref3_results/mapped/24PCP051_029.bam.bai
24PCP052_012,/mnt/data20tb/NIPT_IONTOR_PHUONGCHAU/NIPTorrent/ref3_results/mapped/24PCP052_012.bam,/mnt/data20tb/NIPT_IONTOR_PHUONGCHAU/NIPTorrent/ref3_results/mapped/24PCP052_012.bam.bai
24PCP053_026,/mnt/data20tb/NIPT_IONTOR_PHUONGCHAU/NIPTorrent/ref3_results/mapped/24PCP053_026.bam,/mnt/data20tb/NIPT_IONTOR_PHUONGCHAU/NIPTorrent/ref3_results/mapped/24PCP053_026.bam.bai
24PCP054_027,/mnt/data20tb/NIPT_IONTOR_PHUONGCHAU/NIPTorrent/ref3_results/mapped/24PCP054_027.bam,/mnt/data20tb/NIPT_IONTOR_PHUONGCHAU/NIPTorrent/ref3_results/mapped/24PCP054_027.bam.bai
24PCP055_028,/mnt/data20tb/NIPT_IONTOR_PHUONGCHAU/NIPTorrent/ref3_results/mapped/24PCP055_028.bam,/mnt/data20tb/NIPT_IONTOR_PHUONGCHAU/NIPTorrent/ref3_results/mapped/24PCP055_028.bam.bai
24PCP057_030,/mnt/data20tb/NIPT_IONTOR_PHUONGCHAU/NIPTorrent/ref3_results/mapped/24PCP057_030.bam,/mnt/data20tb/NIPT_IONTOR_PHUONGCHAU/NIPTorrent/ref3_results/mapped/24PCP057_030.bam.bai
24PCP058_005,/mnt/data20tb/NIPT_IONTOR_PHUONGCHAU/NIPTorrent/ref3_results/mapped/24PCP058_005.bam,/mnt/data20tb/NIPT_IONTOR_PHUONGCHAU/NIPTorrent/ref3_results/mapped/24PCP058_005.bam.bai
24PCP059_006,/mnt/data20tb/NIPT_IONTOR_PHUONGCHAU/NIPTorrent/ref3_results/mapped/24PCP059_006.bam,/mnt/data20tb/NIPT_IONTOR_PHUONGCHAU/NIPTorrent/ref3_results/mapped/24PCP059_006.bam.bai
24PCP060_029,/mnt/data20tb/NIPT_IONTOR_PHUONGCHAU/NIPTorrent/ref3_results/mapped/24PCP060_029.bam,/mnt/data20tb/NIPT_IONTOR_PHUONGCHAU/NIPTorrent/ref3_results/mapped/24PCP060_029.bam.bai
24PCP061_030,/mnt/data20tb/NIPT_IONTOR_PHUONGCHAU/NIPTorrent/ref3_results/mapped/24PCP061_030.bam,/mnt/data20tb/NIPT_IONTOR_PHUONGCHAU/NIPTorrent/ref3_results/mapped/24PCP061_030.bam.bai
24PCP064_033,/mnt/data20tb/NIPT_IONTOR_PHUONGCHAU/NIPTorrent/ref3_results/mapped/24PCP064_033.bam,/mnt/data20tb/NIPT_IONTOR_PHUONGCHAU/NIPTorrent/ref3_results/mapped/24PCP064_033.bam.bai
24PCP065_008,/mnt/data20tb/NIPT_IONTOR_PHUONGCHAU/NIPTorrent/ref3_results/mapped/24PCP065_008.bam,/mnt/data20tb/NIPT_IONTOR_PHUONGCHAU/NIPTorrent/ref3_results/mapped/24PCP065_008.bam.bai
24PCP066_009,/mnt/data20tb/NIPT_IONTOR_PHUONGCHAU/NIPTorrent/ref3_results/mapped/24PCP066_009.bam,/mnt/data20tb/NIPT_IONTOR_PHUONGCHAU/NIPTorrent/ref3_results/mapped/24PCP066_009.bam.bai
24PCP067_010,/mnt/data20tb/NIPT_IONTOR_PHUONGCHAU/NIPTorrent/ref3_results/mapped/24PCP067_010.bam,/mnt/data20tb/NIPT_IONTOR_PHUONGCHAU/NIPTorrent/ref3_results/mapped/24PCP067_010.bam.bai
24PCP068_033,/mnt/data20tb/NIPT_IONTOR_PHUONGCHAU/NIPTorrent/ref3_results/mapped/24PCP068_033.bam,/mnt/data20tb/NIPT_IONTOR_PHUONGCHAU/NIPTorrent/ref3_results/mapped/24PCP068_033.bam.bai
24PCP069_034,/mnt/data20tb/NIPT_IONTOR_PHUONGCHAU/NIPTorrent/ref3_results/mapped/24PCP069_034.bam,/mnt/data20tb/NIPT_IONTOR_PHUONGCHAU/NIPTorrent/ref3_results/mapped/24PCP069_034.bam.bai
24PCP071_019,/mnt/data20tb/NIPT_IONTOR_PHUONGCHAU/NIPTorrent/ref3_results/mapped/24PCP071_019.bam,/mnt/data20tb/NIPT_IONTOR_PHUONGCHAU/NIPTorrent/ref3_results/mapped/24PCP071_019.bam.bai
24PCP072_020,/mnt/data20tb/NIPT_IONTOR_PHUONGCHAU/NIPTorrent/ref3_results/mapped/24PCP072_020.bam,/mnt/data20tb/NIPT_IONTOR_PHUONGCHAU/NIPTorrent/ref3_results/mapped/24PCP072_020.bam.bai
24PCP073_021,/mnt/data20tb/NIPT_IONTOR_PHUONGCHAU/NIPTorrent/ref3_results/mapped/24PCP073_021.bam,/mnt/data20tb/NIPT_IONTOR_PHUONGCHAU/NIPTorrent/ref3_results/mapped/24PCP073_021.bam.bai
24PCP074_022,/mnt/data20tb/NIPT_IONTOR_PHUONGCHAU/NIPTorrent/ref3_results/mapped/24PCP074_022.bam,/mnt/data20tb/NIPT_IONTOR_PHUONGCHAU/NIPTorrent/ref3_results/mapped/24PCP074_022.bam.bai